strategy,design_size,insertion_distance
maximin_action_euclidean,1,nan
maximin_action_euclidean,2,4.075320469632088
maximin_action_euclidean,3,3.28233127646752
maximin_action_euclidean,4,3.084853009437998
maximin_action_euclidean,5,2.96002212008655
maximin_action_euclidean,6,3.0211477336079033
maximin_action_euclidean,7,2.7725921122514534
maximin_action_euclidean,8,2.8709519440949185
maximin_action_euclidean,9,2.915252276794064
maximin_action_euclidean,10,2.7526917239669215
maximin_action_euclidean,11,2.5544371229348686
maximin_action_euclidean,12,2.671371210590069
maximin_action_euclidean,13,2.207075346045663
maximin_action_euclidean,14,2.646025320342359
maximin_action_euclidean,15,2.481700065705603
maximin_action_euclidean,16,2.7339756493977285
maximin_action_euclidean,17,2.4458905121131402
maximin_action_euclidean,18,2.294458961013778
maximin_action_euclidean,19,2.5732423967130065
maximin_action_euclidean,20,2.4901133567451885
maximin_action_euclidean,21,2.556513688760531
maximin_action_euclidean,22,2.3357268404760325
maximin_action_euclidean,23,2.5860037710492323
maximin_action_euclidean,24,2.5239450196931736
maximin_action_euclidean,25,2.5486199124561724
maximin_action_euclidean,26,2.5913858223867883
maximin_action_euclidean,27,2.284857245477077
maximin_action_euclidean,28,2.2421598740335313
maximin_action_euclidean,29,2.3156377361154616
maximin_action_euclidean,30,2.1595119931919085
maximin_action_euclidean,31,2.238681064009783
maximin_action_euclidean,32,2.40398464335006
maximin_action_euclidean,33,2.060373077741654
maximin_action_euclidean,34,2.2877897704874943
maximin_action_euclidean,35,2.536635198386979
maximin_action_euclidean,36,2.283678025126477
maximin_action_euclidean,37,2.351398515226826
maximin_action_euclidean,38,2.049434017688582
maximin_action_euclidean,39,2.440009887032202
maximin_action_euclidean,40,2.306171303833219
maximin_action_euclidean,41,2.398598075519801
maximin_action_euclidean,42,2.4332794455678233
maximin_action_euclidean,43,2.011745544587125
maximin_action_euclidean,44,2.296035285975439
maximin_action_euclidean,45,2.3110618579171183
maximin_action_euclidean,46,2.429303026600605
maximin_action_euclidean,47,2.186106960231646
maximin_action_euclidean,48,1.9431430481165333
maximin_action_euclidean,49,2.102309744684572
maximin_action_euclidean,50,2.2495388808471195
maximin_action_euclidean,51,2.158995986313657
maximin_action_euclidean,52,2.1965889408064294
maximin_action_euclidean,53,2.1426273946864325
maximin_action_euclidean,54,2.024616780481595
maximin_action_euclidean,55,2.091587098945548
maximin_action_euclidean,56,2.2007785601284113
maximin_action_euclidean,57,2.051461709301292
maximin_action_euclidean,58,2.108405846235166
maximin_action_euclidean,59,2.1947347061415954
maximin_action_euclidean,60,2.008561503769152
maximin_action_euclidean,61,2.0387887921729098
maximin_action_euclidean,62,2.244892764663624
maximin_action_euclidean,63,1.9851213746277991
maximin_action_euclidean,64,1.9791747143791767
maximin_action_euclidean,65,2.0542336578144846
maximin_action_euclidean,66,2.2308559323391415
maximin_action_euclidean,67,2.1763614804798626
maximin_action_euclidean,68,2.0776518005898885
maximin_action_euclidean,69,2.0829754027755136
maximin_action_euclidean,70,2.0681264482568693
maximin_action_euclidean,71,1.9444660259901732
maximin_action_euclidean,72,2.249790479167722
maximin_action_euclidean,73,1.9172362911350893
maximin_action_euclidean,74,2.0742982812842783
maximin_action_euclidean,75,2.289224108789295
maximin_action_euclidean,76,1.9660231419032523
maximin_action_euclidean,77,1.969017322150067
maximin_action_euclidean,78,1.9758231788811078
maximin_action_euclidean,79,2.047013966005311
maximin_action_euclidean,80,1.9474784892403085
maximin_action_euclidean,81,2.011309127068147
maximin_action_euclidean,82,2.1148706068404417
maximin_action_euclidean,83,2.1360196043550803
maximin_action_euclidean,84,1.923936688012394
maximin_action_euclidean,85,2.010887778548224
maximin_action_euclidean,86,2.0231964022640323
maximin_action_euclidean,87,1.9479201157283386
maximin_action_euclidean,88,1.9828309697051063
maximin_action_euclidean,89,2.0366527880704934
maximin_action_euclidean,90,1.9696464395167648
maximin_action_euclidean,91,2.0496528759593526
maximin_action_euclidean,92,1.9771220388446578
maximin_action_euclidean,93,2.01101485531607
maximin_action_euclidean,94,1.979613134333071
maximin_action_euclidean,95,1.9050803947845272
maximin_action_euclidean,96,1.936263418492146
maximin_action_euclidean,97,1.9983478181892074
maximin_action_euclidean,98,1.7413100442857465
maximin_action_euclidean,99,2.0871242701685344
maximin_action_euclidean,100,1.8795866243237838
maximin_action_euclidean,101,1.8525196786409082
maximin_action_euclidean,102,1.923703241825845
maximin_action_euclidean,103,1.7482725043465692
maximin_action_euclidean,104,1.8811130836437076
maximin_action_euclidean,105,1.906004768052543
maximin_action_euclidean,106,2.0068466245204015
maximin_action_euclidean,107,1.871208311049859
maximin_action_euclidean,108,1.62930858193473
maximin_action_euclidean,109,2.0058299705318383
maximin_action_euclidean,110,1.9216419019820559
maximin_action_euclidean,111,1.9454933632583766
maximin_action_euclidean,112,2.016150253178779
maximin_action_euclidean,113,1.9327595538035085
maximin_action_euclidean,114,1.873960043254025
maximin_action_euclidean,115,1.975133568374901
maximin_action_euclidean,116,1.9303588252136001
maximin_action_euclidean,117,1.9673596506411308
maximin_action_euclidean,118,1.8797611754279604
maximin_action_euclidean,119,1.9963574235298802
maximin_action_euclidean,120,1.9204720263649493
maximin_action_euclidean,121,1.977479168486505
maximin_action_euclidean,122,1.976277423436539
maximin_action_euclidean,123,1.8040544192163523
maximin_action_euclidean,124,1.8626573155009425
maximin_action_euclidean,125,1.976928532909456
maximin_action_euclidean,126,1.82101894187185
maximin_action_euclidean,127,1.8656104762350463
maximin_action_euclidean,128,1.7029993820589178
maximin_action_euclidean,129,1.9870561206920143
maximin_action_euclidean,130,1.9447715488415416
maximin_action_euclidean,131,1.8466955285541808
maximin_action_euclidean,132,1.7597762427740562
maximin_action_euclidean,133,1.7035297816083899
maximin_action_euclidean,134,1.8431714444615388
maximin_action_euclidean,135,1.819848539224193
maximin_action_euclidean,136,1.9024714203048922
maximin_action_euclidean,137,1.8410119392714148
maximin_action_euclidean,138,1.7793468229226967
maximin_action_euclidean,139,2.010968128594749
maximin_action_euclidean,140,1.8564554662354364
maximin_action_euclidean,141,1.9002877324631873
maximin_action_euclidean,142,1.7913987697967315
maximin_action_euclidean,143,1.691626236603163
maximin_action_euclidean,144,1.7362005276150008
maximin_action_euclidean,145,1.876601662109914
maximin_action_euclidean,146,1.8276522197116747
maximin_action_euclidean,147,1.7581720337280042
maximin_action_euclidean,148,1.590389657157794
maximin_action_euclidean,149,1.8198558842910195
maximin_action_euclidean,150,1.8043725221227418
maximin_action_euclidean,151,1.7805322307106326
maximin_action_euclidean,152,1.9583501835851935
maximin_action_euclidean,153,1.6748628216260222
maximin_action_euclidean,154,1.8250021856382037
maximin_action_euclidean,155,1.8201322760622247
maximin_action_euclidean,156,1.831647163536481
maximin_action_euclidean,157,1.7557269747627289
maximin_action_euclidean,158,1.5171387990028216
maximin_action_euclidean,159,1.987083526939215
maximin_action_euclidean,160,1.7611395736482773
maximin_action_euclidean,161,1.8306589207410564
maximin_action_euclidean,162,1.960699289626688
maximin_action_euclidean,163,1.4205121182969533
maximin_action_euclidean,164,1.7884692362612495
maximin_action_euclidean,165,1.8947887985088452
maximin_action_euclidean,166,1.81034436464355
maximin_action_euclidean,167,1.729249983804819
maximin_action_euclidean,168,1.4850957406481098
maximin_action_euclidean,169,1.8482757940237873
maximin_action_euclidean,170,1.7658936792047997
maximin_action_euclidean,171,1.7417742299456906
maximin_action_euclidean,172,1.6923392757219948
maximin_action_euclidean,173,1.775490584447962
maximin_action_euclidean,174,1.712106466986191
maximin_action_euclidean,175,1.7438095507576983
maximin_action_euclidean,176,1.725491194390578
maximin_action_euclidean,177,1.7601375092493081
maximin_action_euclidean,178,1.8348020999508359
maximin_action_euclidean,179,1.8620982038330136
maximin_action_euclidean,180,1.7867272641545442
maximin_action_euclidean,181,1.7229242272183007
maximin_action_euclidean,182,1.679803567916819
maximin_action_euclidean,183,1.5469387922959914
maximin_action_euclidean,184,1.7541111628976915
maximin_action_euclidean,185,1.8050347496805714
maximin_action_euclidean,186,1.8229637989655427
maximin_action_euclidean,187,1.6942283471744841
maximin_action_euclidean,188,1.5723788369752503
maximin_action_euclidean,189,1.7949233141404
maximin_action_euclidean,190,1.8002659115307407
maximin_action_euclidean,191,1.7200010824084675
maximin_action_euclidean,192,1.8301201265922937
maximin_action_euclidean,193,1.6640137803205373
maximin_action_euclidean,194,1.6933978917281811
maximin_action_euclidean,195,1.8148880392682576
maximin_action_euclidean,196,1.659015122445885
maximin_action_euclidean,197,1.708547934245616
maximin_action_euclidean,198,1.6362062355859381
maximin_action_euclidean,199,1.9588445698687142
maximin_action_euclidean,200,1.6915661199496472
maximin_action_euclidean,201,1.7250172372680008
maximin_action_euclidean,202,1.854857964347282
maximin_action_euclidean,203,1.6784293351364967
maximin_action_euclidean,204,1.7760442211946976
maximin_action_euclidean,205,1.8271025810419326
maximin_action_euclidean,206,1.7201631750508415
maximin_action_euclidean,207,1.7492768300464296
maximin_action_euclidean,208,1.4637093433365755
maximin_action_euclidean,209,1.8217007244855685
maximin_action_euclidean,210,1.6421657816560424
maximin_action_euclidean,211,1.6778383236651333
maximin_action_euclidean,212,1.6691481754037727
maximin_action_euclidean,213,1.5520425801949012
maximin_action_euclidean,214,1.7603169567278802
maximin_action_euclidean,215,1.6837167235531183
maximin_action_euclidean,216,1.6894436060356481
maximin_action_euclidean,217,1.6727596254445165
maximin_action_euclidean,218,1.4515479993869667
maximin_action_euclidean,219,1.7846815059323025
maximin_action_euclidean,220,1.6478836002185577
maximin_action_euclidean,221,1.5992370410112702
maximin_action_euclidean,222,1.668793308367725
maximin_action_euclidean,223,1.3681238715036255
maximin_action_euclidean,224,1.6194582322609443
maximin_action_euclidean,225,1.6723306933594468
maximin_action_euclidean,226,1.6878024916482883
maximin_action_euclidean,227,1.7229841323615323
maximin_action_euclidean,228,1.3771929814434536
maximin_action_euclidean,229,1.7162968236114224
maximin_action_euclidean,230,1.6475390811322839
maximin_action_euclidean,231,1.7097641657816256
maximin_action_euclidean,232,1.7323241013393609
maximin_action_euclidean,233,1.7119108743380185
maximin_action_euclidean,234,1.6010797831915595
maximin_action_euclidean,235,1.7567290608561204
maximin_action_euclidean,236,1.6736747596129171
maximin_action_euclidean,237,1.686059888596842
maximin_action_euclidean,238,1.7608979011769164
maximin_action_euclidean,239,1.822814907463747
maximin_action_euclidean,240,1.6179737763080337
maximin_action_euclidean,241,1.6686266662938722
maximin_action_euclidean,242,1.8257106941540024
maximin_action_euclidean,243,1.3584372562607323
maximin_action_euclidean,244,1.6387878229316186
maximin_action_euclidean,245,1.71453110482313
maximin_action_euclidean,246,1.5921584269773161
maximin_action_euclidean,247,1.5959549965654012
maximin_action_euclidean,248,1.3600779759470452
maximin_action_euclidean,249,1.7901605930041817
maximin_action_euclidean,250,1.6558938741730176
maximin_action_euclidean,251,1.6475339574473342
maximin_action_euclidean,252,1.650190426688465
maximin_action_euclidean,253,1.527952017936378
maximin_action_euclidean,254,1.628498244168009
maximin_action_euclidean,255,1.6735183325280258
maximin_action_euclidean,256,1.6738298423962306
maximin_action_euclidean,257,1.5888323418793906
maximin_action_euclidean,258,1.5762091981198676
maximin_action_euclidean,259,1.7131718948895867
maximin_action_euclidean,260,1.6395803774156696
maximin_action_euclidean,261,1.6157590649484377
maximin_action_euclidean,262,1.6507949855666608
maximin_action_euclidean,263,1.494846266195047
maximin_action_euclidean,264,1.6144821231405222
maximin_action_euclidean,265,1.6537955935410926
maximin_action_euclidean,266,1.645679422080851
maximin_action_euclidean,267,1.6230639253260595
maximin_action_euclidean,268,1.4530316620230588
maximin_action_euclidean,269,1.6173511209705267
maximin_action_euclidean,270,1.5687542361739553
maximin_action_euclidean,271,1.5778059478083248
maximin_action_euclidean,272,1.6492048526587721
maximin_action_euclidean,273,1.4580430343783632
maximin_action_euclidean,274,1.59620686704434
maximin_action_euclidean,275,1.7165735118838246
maximin_action_euclidean,276,1.6255124373950736
maximin_action_euclidean,277,1.6071600344331531
maximin_action_euclidean,278,1.3472077737781134
maximin_action_euclidean,279,1.7781969648029812
maximin_action_euclidean,280,1.660825186214813
maximin_action_euclidean,281,1.5817614328183989
maximin_action_euclidean,282,1.705836927505097
maximin_action_euclidean,283,1.3329899027059893
maximin_action_euclidean,284,1.6111936147630077
maximin_action_euclidean,285,1.6710654384897656
maximin_action_euclidean,286,1.581390693671819
maximin_action_euclidean,287,1.5792649294389018
maximin_action_euclidean,288,1.2842812072276053
maximin_action_euclidean,289,1.784202009505935
maximin_action_euclidean,290,1.5975576149049935
maximin_action_euclidean,291,1.5900843296491631
maximin_action_euclidean,292,1.6281094061934185
maximin_action_euclidean,293,1.6058938417005797
maximin_action_euclidean,294,1.5129947287706398
maximin_action_euclidean,295,1.5938891598117755
maximin_action_euclidean,296,1.5724728200827063
maximin_action_euclidean,297,1.5953996792982634
maximin_action_euclidean,298,1.6128128233653678
maximin_action_euclidean,299,1.6885106379889416
maximin_action_euclidean,300,1.6205521414977675
maximin_action_euclidean,301,1.5088953219404109
maximin_action_euclidean,302,1.6284323033914596
maximin_action_euclidean,303,1.346289092301362
maximin_action_euclidean,304,1.5960619951766177
maximin_action_euclidean,305,1.6237945639671454
maximin_action_euclidean,306,1.5768389152472093
maximin_action_euclidean,307,1.6074560647906246
maximin_action_euclidean,308,1.3583402785341483
maximin_action_euclidean,309,1.5657697697432789
maximin_action_euclidean,310,1.5388596619742878
maximin_action_euclidean,311,1.5766667993268788
maximin_action_euclidean,312,1.6221563301071333
maximin_action_euclidean,313,1.4855937684882023
maximin_action_euclidean,314,1.5753989190990931
maximin_action_euclidean,315,1.6930225972766815
maximin_action_euclidean,316,1.52452360345205
maximin_action_euclidean,317,1.5102140514465894
maximin_action_euclidean,318,1.496712339639516
maximin_action_euclidean,319,1.684766676030132
maximin_action_euclidean,320,1.568709655436244
maximin_action_euclidean,321,1.5419330285472121
maximin_action_euclidean,322,1.700247374250449
maximin_action_euclidean,323,1.2790866999609098
maximin_action_euclidean,324,1.5783045580735902
maximin_action_euclidean,325,1.6516878160599697
maximin_action_euclidean,326,1.4924147052377517
maximin_action_euclidean,327,1.5903195549471463
maximin_action_euclidean,328,1.3484024769036909
maximin_action_euclidean,329,1.7409325797104191
maximin_action_euclidean,330,1.5669780199839833
maximin_action_euclidean,331,1.597252698597719
maximin_action_euclidean,332,1.580694661696081
maximin_action_euclidean,333,1.356957253307319
maximin_action_euclidean,334,1.5372921246850806
maximin_action_euclidean,335,1.5612736188949468
maximin_action_euclidean,336,1.5613032453109525
maximin_action_euclidean,337,1.5546559382030276
maximin_action_euclidean,338,1.3232979602215056
maximin_action_euclidean,339,1.6671935050570879
maximin_action_euclidean,340,1.4843519952347004
maximin_action_euclidean,341,1.4859834698868097
maximin_action_euclidean,342,1.5844594860983003
maximin_action_euclidean,343,1.309362186756115
maximin_action_euclidean,344,1.4637348690322745
maximin_action_euclidean,345,1.5808891025500866
maximin_action_euclidean,346,1.5360590026725252
maximin_action_euclidean,347,1.5499231086039003
maximin_action_euclidean,348,1.1954800438413753
maximin_action_euclidean,349,1.539986076727167
maximin_action_euclidean,350,1.4853490524570774
maximin_action_euclidean,351,1.5267265002008485
maximin_action_euclidean,352,1.5977834858299884
maximin_action_euclidean,353,1.3631777982221827
maximin_action_euclidean,354,1.556675291525311
maximin_action_euclidean,355,1.6345277952958857
maximin_action_euclidean,356,1.5719447921233742
maximin_action_euclidean,357,1.5286360234556498
maximin_action_euclidean,358,1.4947753680343183
maximin_action_euclidean,359,1.6779273500006713
maximin_action_euclidean,360,1.5276516421810737
maximin_action_euclidean,361,1.5478119452877572
maximin_action_euclidean,362,1.6746656432570997
maximin_action_euclidean,363,1.2710268406809089
maximin_action_euclidean,364,1.4411102486658822
maximin_action_euclidean,365,1.5893913090685226
maximin_action_euclidean,366,1.4699300206536718
maximin_action_euclidean,367,1.3921391589602397
maximin_action_euclidean,368,1.3002687331929872
maximin_action_euclidean,369,1.6890763191528022
maximin_action_euclidean,370,1.4834863292262401
maximin_action_euclidean,371,1.5438760108129757
maximin_action_euclidean,372,1.512113236757699
maximin_action_euclidean,373,1.4537181657195815
maximin_action_euclidean,374,1.4427917421630763
maximin_action_euclidean,375,1.5414820695955123
maximin_action_euclidean,376,1.512434178869456
maximin_action_euclidean,377,1.555397098858569
maximin_action_euclidean,378,1.1505734785047244
maximin_action_euclidean,379,1.565888255376295
maximin_action_euclidean,380,1.5287795371126232
maximin_action_euclidean,381,1.5201687114696167
maximin_action_euclidean,382,1.5161023175786996
maximin_action_euclidean,383,1.2680766636746468
maximin_action_euclidean,384,1.5070856485935602
maximin_action_euclidean,385,1.543136939899503
maximin_action_euclidean,386,1.5474384404478252
maximin_action_euclidean,387,1.4390398738550036
maximin_action_euclidean,388,1.3407502403231297
maximin_action_euclidean,389,1.5043603115576991
maximin_action_euclidean,390,1.4566562561328507
maximin_action_euclidean,391,1.3905242685235955
maximin_action_euclidean,392,1.5949008008834598
maximin_action_euclidean,393,1.3235099192779882
maximin_action_euclidean,394,1.4646210426822819
maximin_action_euclidean,395,1.5757373001092396
maximin_action_euclidean,396,1.5087498172015805
maximin_action_euclidean,397,1.4390378150298515
maximin_action_euclidean,398,1.3087488352180616
maximin_action_euclidean,399,1.6717490975525038
maximin_action_euclidean,400,1.4973656520529486
maximin_action_euclidean,401,1.53346673775218
maximin_action_euclidean,402,1.6623136717878597
maximin_action_euclidean,403,1.2848279092073642
maximin_action_euclidean,404,1.518829759914456
maximin_action_euclidean,405,1.5662510167454764
maximin_action_euclidean,406,1.4862059302173973
maximin_action_euclidean,407,1.4987163410032218
maximin_action_euclidean,408,1.178094009769713
maximin_action_euclidean,409,1.630573131693222
maximin_action_euclidean,410,1.51132492134726
maximin_action_euclidean,411,1.437626672110956
maximin_action_euclidean,412,1.4684606518804657
maximin_action_euclidean,413,1.3481777979231346
maximin_action_euclidean,414,1.4527156435634316
maximin_action_euclidean,415,1.5267214766426427
maximin_action_euclidean,416,1.3705012635670855
maximin_action_euclidean,417,1.4426082714302222
maximin_action_euclidean,418,1.4579631637035761
maximin_action_euclidean,419,1.5630353021280663
maximin_action_euclidean,420,1.4882678551162098
maximin_action_euclidean,421,1.4349754545588573
maximin_action_euclidean,422,1.5024962095796321
maximin_action_euclidean,423,1.2410129617236956
maximin_action_euclidean,424,1.4959158521857616
maximin_action_euclidean,425,1.5243702463490696
maximin_action_euclidean,426,1.5315534485632172
maximin_action_euclidean,427,1.4911594258966097
maximin_action_euclidean,428,1.220296361757429
maximin_action_euclidean,429,1.496754939558012
maximin_action_euclidean,430,1.4390103031180999
maximin_action_euclidean,431,1.4917080698564795
maximin_action_euclidean,432,1.5759220862793706
maximin_action_euclidean,433,1.388480414346066
maximin_action_euclidean,434,1.4658564878478813
maximin_action_euclidean,435,1.5732986551213655
maximin_action_euclidean,436,1.4337372831819897
maximin_action_euclidean,437,1.4408259884735313
maximin_action_euclidean,438,1.1088955852574143
maximin_action_euclidean,439,1.542621157998856
maximin_action_euclidean,440,1.3413263366607697
maximin_action_euclidean,441,1.4047348231145929
maximin_action_euclidean,442,1.5583101249793485
maximin_action_euclidean,443,1.257953725134008
maximin_action_euclidean,444,1.4173192469739535
maximin_action_euclidean,445,1.5250499393757018
maximin_action_euclidean,446,1.4299412660601214
maximin_action_euclidean,447,1.47943469111654
maximin_action_euclidean,448,1.30686107919628
maximin_action_euclidean,449,1.5681402952091419
maximin_action_euclidean,450,1.529200513745707
maximin_action_euclidean,451,1.4468082834975826
maximin_action_euclidean,452,1.4405508138643401
maximin_action_euclidean,453,1.2618989308484378
maximin_action_euclidean,454,1.4110561513480582
maximin_action_euclidean,455,1.50671744915395
maximin_action_euclidean,456,1.482822091928896
maximin_action_euclidean,457,1.4567695730690533
maximin_action_euclidean,458,1.1514314231557137
maximin_action_euclidean,459,1.5563434482869194
maximin_action_euclidean,460,1.429972153225124
maximin_action_euclidean,461,1.4141126493612277
maximin_action_euclidean,462,1.4948255865679954
maximin_action_euclidean,463,1.2811096170953764
maximin_action_euclidean,464,1.3354165791072121
maximin_action_euclidean,465,1.5132101948561585
maximin_action_euclidean,466,1.3997976030392287
maximin_action_euclidean,467,1.4163684255502718
maximin_action_euclidean,468,1.1755075498489653
maximin_action_euclidean,469,1.4683909928258145
maximin_action_euclidean,470,1.416013380854502
maximin_action_euclidean,471,1.454772621526395
maximin_action_euclidean,472,1.5265874339290841
maximin_action_euclidean,473,1.2080798722515513
maximin_action_euclidean,474,1.491194993106916
maximin_action_euclidean,475,1.5350927314748348
maximin_action_euclidean,476,1.4441540467311371
maximin_action_euclidean,477,1.4096965328661464
maximin_action_euclidean,478,1.4368740601945718
maximin_action_euclidean,479,1.5251597382424429
maximin_action_euclidean,480,1.4217434355343155
maximin_action_euclidean,481,1.4557436218831687
maximin_action_euclidean,482,1.5212197769553035
maximin_action_euclidean,483,1.1918404367704654
maximin_action_euclidean,484,1.4227307481287774
maximin_action_euclidean,485,1.4420483711895318
maximin_action_euclidean,486,1.4040774740808273
maximin_action_euclidean,487,1.3353174027672876
maximin_action_euclidean,488,1.2156670035735992
maximin_action_euclidean,489,1.5445986212098648
maximin_action_euclidean,490,1.3851725183930357
maximin_action_euclidean,491,1.399311184374169
maximin_action_euclidean,492,1.4016458318095488
maximin_action_euclidean,493,1.17056276149413
maximin_action_euclidean,494,1.4035163359220588
maximin_action_euclidean,495,1.4801300454306694
maximin_action_euclidean,496,1.4490176506093722
maximin_action_euclidean,497,1.4906345126620455
maximin_action_euclidean,498,1.1064408366203788
maximin_action_euclidean,499,1.5451302570888306
maximin_action_euclidean,500,1.4369806260309825
maximin_d2_ordered_l2,1,nan
maximin_d2_ordered_l2,2,1.0551028683961796
maximin_d2_ordered_l2,3,1.1420825312715293
maximin_d2_ordered_l2,4,0.9626366712184178
maximin_d2_ordered_l2,5,0.7005308570267359
maximin_d2_ordered_l2,6,0.7803921524245557
maximin_d2_ordered_l2,7,0.7827117576763012
maximin_d2_ordered_l2,8,0.8739470258472242
maximin_d2_ordered_l2,9,0.6789296291791951
maximin_d2_ordered_l2,10,0.6912717663140856
maximin_d2_ordered_l2,11,0.766421292000332
maximin_d2_ordered_l2,12,0.571590884743453
maximin_d2_ordered_l2,13,0.7860136282488459
maximin_d2_ordered_l2,14,0.714188269082636
maximin_d2_ordered_l2,15,0.5162955525940861
maximin_d2_ordered_l2,16,0.6848415716781184
maximin_d2_ordered_l2,17,0.7050226952982735
maximin_d2_ordered_l2,18,0.755659412764897
maximin_d2_ordered_l2,19,0.528556353853372
maximin_d2_ordered_l2,20,0.7081008769992161
maximin_d2_ordered_l2,21,0.7194584673682652
maximin_d2_ordered_l2,22,0.49678688262438503
maximin_d2_ordered_l2,23,0.7613696995745458
maximin_d2_ordered_l2,24,0.710488796040241
maximin_d2_ordered_l2,25,0.4954981481238234
maximin_d2_ordered_l2,26,0.7267258293018579
maximin_d2_ordered_l2,27,0.6804687679248079
maximin_d2_ordered_l2,28,0.8025996706011904
maximin_d2_ordered_l2,29,0.477039303376941
maximin_d2_ordered_l2,30,0.6479532784581041
maximin_d2_ordered_l2,31,0.6882466978125742
maximin_d2_ordered_l2,32,0.4696616281448779
maximin_d2_ordered_l2,33,0.8131924564572447
maximin_d2_ordered_l2,34,0.6323510065001339
maximin_d2_ordered_l2,35,0.45545044659591793
maximin_d2_ordered_l2,36,0.6474244430751489
maximin_d2_ordered_l2,37,0.5831101596154444
maximin_d2_ordered_l2,38,0.6760789595499053
maximin_d2_ordered_l2,39,0.46492694486864344
maximin_d2_ordered_l2,40,0.6025163175517276
maximin_d2_ordered_l2,41,0.6210003139726655
maximin_d2_ordered_l2,42,0.4418094887830494
maximin_d2_ordered_l2,43,0.7327296278607299
maximin_d2_ordered_l2,44,0.6418981116845467
maximin_d2_ordered_l2,45,0.45342487795931957
maximin_d2_ordered_l2,46,0.5741047517906145
maximin_d2_ordered_l2,47,0.6911475096202508
maximin_d2_ordered_l2,48,0.7658141617178627
maximin_d2_ordered_l2,49,0.4364001831659714
maximin_d2_ordered_l2,50,0.6118118543303905
maximin_d2_ordered_l2,51,0.5991879719756463
maximin_d2_ordered_l2,52,0.4039182432891403
maximin_d2_ordered_l2,53,0.6415243527999642
maximin_d2_ordered_l2,54,0.6125077070247116
maximin_d2_ordered_l2,55,0.3670739033665145
maximin_d2_ordered_l2,56,0.5785666761820129
maximin_d2_ordered_l2,57,0.5334751636784364
maximin_d2_ordered_l2,58,0.5827768435224354
maximin_d2_ordered_l2,59,0.40098995464028264
maximin_d2_ordered_l2,60,0.5951314381797944
maximin_d2_ordered_l2,61,0.5598000441372969
maximin_d2_ordered_l2,62,0.40406268885162144
maximin_d2_ordered_l2,63,0.49435994731149246
maximin_d2_ordered_l2,64,0.5472817494559403
maximin_d2_ordered_l2,65,0.3829149725636474
maximin_d2_ordered_l2,66,0.5704179083469434
maximin_d2_ordered_l2,67,0.5817824564313552
maximin_d2_ordered_l2,68,0.6686605473303601
maximin_d2_ordered_l2,69,0.4023998174623797
maximin_d2_ordered_l2,70,0.5456032436477537
maximin_d2_ordered_l2,71,0.5763793050878926
maximin_d2_ordered_l2,72,0.43310164881132057
maximin_d2_ordered_l2,73,0.5408167592919567
maximin_d2_ordered_l2,74,0.5311782472318823
maximin_d2_ordered_l2,75,0.4169112949360489
maximin_d2_ordered_l2,76,0.594515729512201
maximin_d2_ordered_l2,77,0.548117027836999
maximin_d2_ordered_l2,78,0.5142960335424837
maximin_d2_ordered_l2,79,0.4289583315520036
maximin_d2_ordered_l2,80,0.5403282942194044
maximin_d2_ordered_l2,81,0.5183150187777759
maximin_d2_ordered_l2,82,0.3367967056755848
maximin_d2_ordered_l2,83,0.4984624217020137
maximin_d2_ordered_l2,84,0.5512316608268425
maximin_d2_ordered_l2,85,0.38475793056372004
maximin_d2_ordered_l2,86,0.523155982908228
maximin_d2_ordered_l2,87,0.49834589663067025
maximin_d2_ordered_l2,88,0.6669084108864196
maximin_d2_ordered_l2,89,0.4041837303421068
maximin_d2_ordered_l2,90,0.5596863553199106
maximin_d2_ordered_l2,91,0.527689113565186
maximin_d2_ordered_l2,92,0.38993352755992344
maximin_d2_ordered_l2,93,0.632410163504965
maximin_d2_ordered_l2,94,0.5413038278264555
maximin_d2_ordered_l2,95,0.34315419659622803
maximin_d2_ordered_l2,96,0.5574151058219934
maximin_d2_ordered_l2,97,0.5044045566672433
maximin_d2_ordered_l2,98,0.6167992805169458
maximin_d2_ordered_l2,99,0.33368744725314886
maximin_d2_ordered_l2,100,0.5624512140678929
maximin_d2_ordered_l2,101,0.5253341043115577
maximin_d2_ordered_l2,102,0.33393241465309853
maximin_d2_ordered_l2,103,0.549663787927085
maximin_d2_ordered_l2,104,0.5317425994550548
maximin_d2_ordered_l2,105,0.35649508431100047
maximin_d2_ordered_l2,106,0.491767980701376
maximin_d2_ordered_l2,107,0.5264832477260527
maximin_d2_ordered_l2,108,0.5609339130612317
maximin_d2_ordered_l2,109,0.3349308978149911
maximin_d2_ordered_l2,110,0.47226652381498363
maximin_d2_ordered_l2,111,0.44720911349003506
maximin_d2_ordered_l2,112,0.36380634127112144
maximin_d2_ordered_l2,113,0.5694136978651282
maximin_d2_ordered_l2,114,0.5337156193820233
maximin_d2_ordered_l2,115,0.3632509135424481
maximin_d2_ordered_l2,116,0.47533971337280423
maximin_d2_ordered_l2,117,0.5013878876464472
maximin_d2_ordered_l2,118,0.5323350111975719
maximin_d2_ordered_l2,119,0.42097599658615736
maximin_d2_ordered_l2,120,0.5481068385833185
maximin_d2_ordered_l2,121,0.48260797533549743
maximin_d2_ordered_l2,122,0.3364698171770724
maximin_d2_ordered_l2,123,0.4557414669391329
maximin_d2_ordered_l2,124,0.48267188675999007
maximin_d2_ordered_l2,125,0.32215810199612294
maximin_d2_ordered_l2,126,0.4854377341903164
maximin_d2_ordered_l2,127,0.48512548987796866
maximin_d2_ordered_l2,128,0.5231452712831006
maximin_d2_ordered_l2,129,0.3210077349381203
maximin_d2_ordered_l2,130,0.4826848817965423
maximin_d2_ordered_l2,131,0.4828482534326449
maximin_d2_ordered_l2,132,0.33053471292084347
maximin_d2_ordered_l2,133,0.5081412207139279
maximin_d2_ordered_l2,134,0.4526502630015512
maximin_d2_ordered_l2,135,0.3107273170823508
maximin_d2_ordered_l2,136,0.44519979381178276
maximin_d2_ordered_l2,137,0.5280821309952064
maximin_d2_ordered_l2,138,0.44847124619468215
maximin_d2_ordered_l2,139,0.3214138882041916
maximin_d2_ordered_l2,140,0.47359081371152273
maximin_d2_ordered_l2,141,0.4950566766424506
maximin_d2_ordered_l2,142,0.3246427763277473
maximin_d2_ordered_l2,143,0.4624841002372779
maximin_d2_ordered_l2,144,0.5169796971133869
maximin_d2_ordered_l2,145,0.3336520742615484
maximin_d2_ordered_l2,146,0.47463197255148093
maximin_d2_ordered_l2,147,0.4754849448644179
maximin_d2_ordered_l2,148,0.5035837444210812
maximin_d2_ordered_l2,149,0.3279052751512698
maximin_d2_ordered_l2,150,0.4813001027938757
maximin_d2_ordered_l2,151,0.47026591880957397
maximin_d2_ordered_l2,152,0.3222091863591466
maximin_d2_ordered_l2,153,0.4785423050061711
maximin_d2_ordered_l2,154,0.45590887855396045
maximin_d2_ordered_l2,155,0.3139329871089719
maximin_d2_ordered_l2,156,0.47402189683975393
maximin_d2_ordered_l2,157,0.44681640940579104
maximin_d2_ordered_l2,158,0.44440104830862326
maximin_d2_ordered_l2,159,0.3302336943567273
maximin_d2_ordered_l2,160,0.43313750811021917
maximin_d2_ordered_l2,161,0.5051640515246127
maximin_d2_ordered_l2,162,0.3139756653555548
maximin_d2_ordered_l2,163,0.4458314929292992
maximin_d2_ordered_l2,164,0.4735621457340202
maximin_d2_ordered_l2,165,0.3003032430821085
maximin_d2_ordered_l2,166,0.475650399032452
maximin_d2_ordered_l2,167,0.5048465113300843
maximin_d2_ordered_l2,168,0.4734372413142998
maximin_d2_ordered_l2,169,0.31916020754177193
maximin_d2_ordered_l2,170,0.47126015448571
maximin_d2_ordered_l2,171,0.4721487998448914
maximin_d2_ordered_l2,172,0.309699971738438
maximin_d2_ordered_l2,173,0.4444810121309514
maximin_d2_ordered_l2,174,0.46489219186854885
maximin_d2_ordered_l2,175,0.29634593258093617
maximin_d2_ordered_l2,176,0.4669370569869281
maximin_d2_ordered_l2,177,0.4263797695656977
maximin_d2_ordered_l2,178,0.4743782734733331
maximin_d2_ordered_l2,179,0.28822356156498113
maximin_d2_ordered_l2,180,0.4396266342923089
maximin_d2_ordered_l2,181,0.42419470557287586
maximin_d2_ordered_l2,182,0.2934601558486058
maximin_d2_ordered_l2,183,0.32976854388905386
maximin_d2_ordered_l2,184,0.40481583769389523
maximin_d2_ordered_l2,185,0.30698305502629053
maximin_d2_ordered_l2,186,0.46117954372194836
maximin_d2_ordered_l2,187,0.43511968292965275
maximin_d2_ordered_l2,188,0.44487642438968944
maximin_d2_ordered_l2,189,0.3232614920387112
maximin_d2_ordered_l2,190,0.4559568197789164
maximin_d2_ordered_l2,191,0.48591560450185456
maximin_d2_ordered_l2,192,0.30424412791809063
maximin_d2_ordered_l2,193,0.3779341012532587
maximin_d2_ordered_l2,194,0.4285282111303349
maximin_d2_ordered_l2,195,0.31088135248655924
maximin_d2_ordered_l2,196,0.43484157698464315
maximin_d2_ordered_l2,197,0.44821829027756344
maximin_d2_ordered_l2,198,0.4248200031138883
maximin_d2_ordered_l2,199,0.31651565920857155
maximin_d2_ordered_l2,200,0.45482852132706214
maximin_d2_ordered_l2,201,0.4179765619373462
maximin_d2_ordered_l2,202,0.3026294927255887
maximin_d2_ordered_l2,203,0.43521891864985646
maximin_d2_ordered_l2,204,0.4371733685580948
maximin_d2_ordered_l2,205,0.29420964868988814
maximin_d2_ordered_l2,206,0.42226338674257713
maximin_d2_ordered_l2,207,0.40443039691528004
maximin_d2_ordered_l2,208,0.46933211615556825
maximin_d2_ordered_l2,209,0.3065162650082899
maximin_d2_ordered_l2,210,0.4457291651663741
maximin_d2_ordered_l2,211,0.4340438404752308
maximin_d2_ordered_l2,212,0.30724218547384924
maximin_d2_ordered_l2,213,0.42520381320925177
maximin_d2_ordered_l2,214,0.44672979078242814
maximin_d2_ordered_l2,215,0.2948402413877304
maximin_d2_ordered_l2,216,0.4405797508669208
maximin_d2_ordered_l2,217,0.4253893988841919
maximin_d2_ordered_l2,218,0.4143719461927404
maximin_d2_ordered_l2,219,0.27868886846271734
maximin_d2_ordered_l2,220,0.432432887109331
maximin_d2_ordered_l2,221,0.44369268324857003
maximin_d2_ordered_l2,222,0.28210149621712793
maximin_d2_ordered_l2,223,0.4078901158610668
maximin_d2_ordered_l2,224,0.43929595249961584
maximin_d2_ordered_l2,225,0.27789784781998733
maximin_d2_ordered_l2,226,0.40940993932168
maximin_d2_ordered_l2,227,0.42826811229994216
maximin_d2_ordered_l2,228,0.35819166345995745
maximin_d2_ordered_l2,229,0.28145240802792265
maximin_d2_ordered_l2,230,0.4103914116862156
maximin_d2_ordered_l2,231,0.403544500632394
maximin_d2_ordered_l2,232,0.30312793859610465
maximin_d2_ordered_l2,233,0.43359808182245874
maximin_d2_ordered_l2,234,0.4193116195497753
maximin_d2_ordered_l2,235,0.30616361806636905
maximin_d2_ordered_l2,236,0.4177030598684043
maximin_d2_ordered_l2,237,0.42113076676796507
maximin_d2_ordered_l2,238,0.40407230227377045
maximin_d2_ordered_l2,239,0.31465988081526225
maximin_d2_ordered_l2,240,0.42618431809381735
maximin_d2_ordered_l2,241,0.4232935999432336
maximin_d2_ordered_l2,242,0.29065222971533666
maximin_d2_ordered_l2,243,0.32307369729249175
maximin_d2_ordered_l2,244,0.4295852887952072
maximin_d2_ordered_l2,245,0.2842057813601068
maximin_d2_ordered_l2,246,0.4195483103202791
maximin_d2_ordered_l2,247,0.4365775348757525
maximin_d2_ordered_l2,248,0.3455741085854496
maximin_d2_ordered_l2,249,0.30544440448805327
maximin_d2_ordered_l2,250,0.4075643350269346
maximin_d2_ordered_l2,251,0.41519010704980625
maximin_d2_ordered_l2,252,0.29970229143782956
maximin_d2_ordered_l2,253,0.3509397859543817
maximin_d2_ordered_l2,254,0.3984790070249429
maximin_d2_ordered_l2,255,0.2907377982627416
maximin_d2_ordered_l2,256,0.39980900616558157
maximin_d2_ordered_l2,257,0.4171676157847483
maximin_d2_ordered_l2,258,0.39915102390899915
maximin_d2_ordered_l2,259,0.275173945835436
maximin_d2_ordered_l2,260,0.4137847036502163
maximin_d2_ordered_l2,261,0.41903615240419356
maximin_d2_ordered_l2,262,0.26821747028480125
maximin_d2_ordered_l2,263,0.3592965886143047
maximin_d2_ordered_l2,264,0.42248910892973396
maximin_d2_ordered_l2,265,0.27014093876694567
maximin_d2_ordered_l2,266,0.4188012740360101
maximin_d2_ordered_l2,267,0.4238348870726294
maximin_d2_ordered_l2,268,0.3695888492071681
maximin_d2_ordered_l2,269,0.2802686130466321
maximin_d2_ordered_l2,270,0.4143142717059321
maximin_d2_ordered_l2,271,0.43463739479117686
maximin_d2_ordered_l2,272,0.2971101328178628
maximin_d2_ordered_l2,273,0.39605779798062235
maximin_d2_ordered_l2,274,0.3958075505931656
maximin_d2_ordered_l2,275,0.3014095800476899
maximin_d2_ordered_l2,276,0.4104588764337715
maximin_d2_ordered_l2,277,0.39047010416160616
maximin_d2_ordered_l2,278,0.34673902289756
maximin_d2_ordered_l2,279,0.3061538736397038
maximin_d2_ordered_l2,280,0.3901412926130696
maximin_d2_ordered_l2,281,0.4090627921352059
maximin_d2_ordered_l2,282,0.26331717770109764
maximin_d2_ordered_l2,283,0.38885977148629197
maximin_d2_ordered_l2,284,0.3980388223003875
maximin_d2_ordered_l2,285,0.2750451061624401
maximin_d2_ordered_l2,286,0.41246757858057
maximin_d2_ordered_l2,287,0.41735046333281195
maximin_d2_ordered_l2,288,0.3561489450953268
maximin_d2_ordered_l2,289,0.29453178748025144
maximin_d2_ordered_l2,290,0.40552696501675556
maximin_d2_ordered_l2,291,0.4046662202340468
maximin_d2_ordered_l2,292,0.26941135020287854
maximin_d2_ordered_l2,293,0.39738388539570363
maximin_d2_ordered_l2,294,0.4092771093234555
maximin_d2_ordered_l2,295,0.27831270046448736
maximin_d2_ordered_l2,296,0.41610639660679166
maximin_d2_ordered_l2,297,0.3914396688415072
maximin_d2_ordered_l2,298,0.393786726429787
maximin_d2_ordered_l2,299,0.24737180529736094
maximin_d2_ordered_l2,300,0.4087539541439016
maximin_d2_ordered_l2,301,0.38789470019545697
maximin_d2_ordered_l2,302,0.26746311290179026
maximin_d2_ordered_l2,303,0.2991559086281911
maximin_d2_ordered_l2,304,0.3826462783096928
maximin_d2_ordered_l2,305,0.26501768054392094
maximin_d2_ordered_l2,306,0.40826477849681103
maximin_d2_ordered_l2,307,0.3843692478923026
maximin_d2_ordered_l2,308,0.316715670843466
maximin_d2_ordered_l2,309,0.26950371407144574
maximin_d2_ordered_l2,310,0.3936665670061342
maximin_d2_ordered_l2,311,0.4096599809503311
maximin_d2_ordered_l2,312,0.2924042695912435
maximin_d2_ordered_l2,313,0.34824572463903725
maximin_d2_ordered_l2,314,0.40068410716579
maximin_d2_ordered_l2,315,0.2955156685698622
maximin_d2_ordered_l2,316,0.4030008009962313
maximin_d2_ordered_l2,317,0.4051936714865865
maximin_d2_ordered_l2,318,0.3620609908637888
maximin_d2_ordered_l2,319,0.29955687430640104
maximin_d2_ordered_l2,320,0.3875494900146729
maximin_d2_ordered_l2,321,0.38461243730832284
maximin_d2_ordered_l2,322,0.2622815222854174
maximin_d2_ordered_l2,323,0.33471183676299365
maximin_d2_ordered_l2,324,0.4076740374372241
maximin_d2_ordered_l2,325,0.2682516927929486
maximin_d2_ordered_l2,326,0.3864225263735609
maximin_d2_ordered_l2,327,0.3824957789530924
maximin_d2_ordered_l2,328,0.34456609372937735
maximin_d2_ordered_l2,329,0.2919161932263747
maximin_d2_ordered_l2,330,0.39859139825058937
maximin_d2_ordered_l2,331,0.38175768390149634
maximin_d2_ordered_l2,332,0.2666672961054704
maximin_d2_ordered_l2,333,0.3864238457226318
maximin_d2_ordered_l2,334,0.3894478462768432
maximin_d2_ordered_l2,335,0.26905480655253705
maximin_d2_ordered_l2,336,0.4027495581661229
maximin_d2_ordered_l2,337,0.386934755731706
maximin_d2_ordered_l2,338,0.3363289936128546
maximin_d2_ordered_l2,339,0.2452440161187607
maximin_d2_ordered_l2,340,0.3878379715892509
maximin_d2_ordered_l2,341,0.39607624498011956
maximin_d2_ordered_l2,342,0.26168220191325847
maximin_d2_ordered_l2,343,0.32015528740441973
maximin_d2_ordered_l2,344,0.3821862653166685
maximin_d2_ordered_l2,345,0.2548462576620928
maximin_d2_ordered_l2,346,0.36044667691229715
maximin_d2_ordered_l2,347,0.4002165377992502
maximin_d2_ordered_l2,348,0.35451607553694864
maximin_d2_ordered_l2,349,0.26785792004820613
maximin_d2_ordered_l2,350,0.37292279064920436
maximin_d2_ordered_l2,351,0.3776269459654774
maximin_d2_ordered_l2,352,0.2918746946460268
maximin_d2_ordered_l2,353,0.3385288988056606
maximin_d2_ordered_l2,354,0.3943430235628908
maximin_d2_ordered_l2,355,0.2934759192745601
maximin_d2_ordered_l2,356,0.3781455387791369
maximin_d2_ordered_l2,357,0.3803877259035397
maximin_d2_ordered_l2,358,0.3623874604858134
maximin_d2_ordered_l2,359,0.27863694959928775
maximin_d2_ordered_l2,360,0.39502472269194056
maximin_d2_ordered_l2,361,0.38226067151778637
maximin_d2_ordered_l2,362,0.26179538222525073
maximin_d2_ordered_l2,363,0.2801212047425525
maximin_d2_ordered_l2,364,0.3781264171902335
maximin_d2_ordered_l2,365,0.2545022993880522
maximin_d2_ordered_l2,366,0.3872775390364121
maximin_d2_ordered_l2,367,0.37769152574988146
maximin_d2_ordered_l2,368,0.3036545729676647
maximin_d2_ordered_l2,369,0.285484905763143
maximin_d2_ordered_l2,370,0.35881113720583035
maximin_d2_ordered_l2,371,0.38007675652171874
maximin_d2_ordered_l2,372,0.26391358319441477
maximin_d2_ordered_l2,373,0.32517329707043735
maximin_d2_ordered_l2,374,0.3706616198033261
maximin_d2_ordered_l2,375,0.26498133583911176
maximin_d2_ordered_l2,376,0.36622044364259676
maximin_d2_ordered_l2,377,0.3803790966671647
maximin_d2_ordered_l2,378,0.2912048745535613
maximin_d2_ordered_l2,379,0.23904190726494248
maximin_d2_ordered_l2,380,0.363068182861561
maximin_d2_ordered_l2,381,0.36702917331115625
maximin_d2_ordered_l2,382,0.2607302148415567
maximin_d2_ordered_l2,383,0.3308987367300227
maximin_d2_ordered_l2,384,0.38227866693272294
maximin_d2_ordered_l2,385,0.25012976163166317
maximin_d2_ordered_l2,386,0.38027817021485283
maximin_d2_ordered_l2,387,0.3771931075995676
maximin_d2_ordered_l2,388,0.33859109037745877
maximin_d2_ordered_l2,389,0.2613842695691576
maximin_d2_ordered_l2,390,0.3791649530449656
maximin_d2_ordered_l2,391,0.3754243483450923
maximin_d2_ordered_l2,392,0.26612943990339405
maximin_d2_ordered_l2,393,0.3710933642933666
maximin_d2_ordered_l2,394,0.35515702636297936
maximin_d2_ordered_l2,395,0.28191826075500426
maximin_d2_ordered_l2,396,0.3639605508194693
maximin_d2_ordered_l2,397,0.36874774531410026
maximin_d2_ordered_l2,398,0.2724685150839324
maximin_d2_ordered_l2,399,0.2665472463620056
maximin_d2_ordered_l2,400,0.35825933352941003
maximin_d2_ordered_l2,401,0.38005662341093793
maximin_d2_ordered_l2,402,0.2614567453127768
maximin_d2_ordered_l2,403,0.3012764456993577
maximin_d2_ordered_l2,404,0.35424571190071596
maximin_d2_ordered_l2,405,0.2526298463397207
maximin_d2_ordered_l2,406,0.35951419323173817
maximin_d2_ordered_l2,407,0.3751496705794326
maximin_d2_ordered_l2,408,0.3118346875814736
maximin_d2_ordered_l2,409,0.2787963419290994
maximin_d2_ordered_l2,410,0.3691255717441187
maximin_d2_ordered_l2,411,0.37152218757428446
maximin_d2_ordered_l2,412,0.26074551714471944
maximin_d2_ordered_l2,413,0.2873373208796491
maximin_d2_ordered_l2,414,0.37522844701188357
maximin_d2_ordered_l2,415,0.2562056746223735
maximin_d2_ordered_l2,416,0.3726874127494415
maximin_d2_ordered_l2,417,0.34433814951728325
maximin_d2_ordered_l2,418,0.36098453108196016
maximin_d2_ordered_l2,419,0.23708654685322728
maximin_d2_ordered_l2,420,0.34957855836955376
maximin_d2_ordered_l2,421,0.358185261878452
maximin_d2_ordered_l2,422,0.25983391753300816
maximin_d2_ordered_l2,423,0.26650452760510124
maximin_d2_ordered_l2,424,0.3579974678206606
maximin_d2_ordered_l2,425,0.24636324731918016
maximin_d2_ordered_l2,426,0.3708557125508801
maximin_d2_ordered_l2,427,0.3482659472149785
maximin_d2_ordered_l2,428,0.28555582466620344
maximin_d2_ordered_l2,429,0.2546326393936592
maximin_d2_ordered_l2,430,0.3590859794358309
maximin_d2_ordered_l2,431,0.3733295096353501
maximin_d2_ordered_l2,432,0.2583417231631182
maximin_d2_ordered_l2,433,0.3153718328814635
maximin_d2_ordered_l2,434,0.349933302593862
maximin_d2_ordered_l2,435,0.273579495977141
maximin_d2_ordered_l2,436,0.36736266672710827
maximin_d2_ordered_l2,437,0.3726224096605318
maximin_d2_ordered_l2,438,0.27837705091701803
maximin_d2_ordered_l2,439,0.25997998809028056
maximin_d2_ordered_l2,440,0.36116228590553984
maximin_d2_ordered_l2,441,0.3434022922250859
maximin_d2_ordered_l2,442,0.25793734289267317
maximin_d2_ordered_l2,443,0.31496092908891077
maximin_d2_ordered_l2,444,0.3404060975138981
maximin_d2_ordered_l2,445,0.25225576378018766
maximin_d2_ordered_l2,446,0.3507242004466716
maximin_d2_ordered_l2,447,0.35293141582805604
maximin_d2_ordered_l2,448,0.3030370782793898
maximin_d2_ordered_l2,449,0.268801246994093
maximin_d2_ordered_l2,450,0.35712979400356826
maximin_d2_ordered_l2,451,0.34704073520459555
maximin_d2_ordered_l2,452,0.25290648074149213
maximin_d2_ordered_l2,453,0.29384318402748444
maximin_d2_ordered_l2,454,0.35796219929309975
maximin_d2_ordered_l2,455,0.25568620035874906
maximin_d2_ordered_l2,456,0.3644198070799232
maximin_d2_ordered_l2,457,0.346988861709612
maximin_d2_ordered_l2,458,0.27123471948243993
maximin_d2_ordered_l2,459,0.23341905195366194
maximin_d2_ordered_l2,460,0.3600422149838388
maximin_d2_ordered_l2,461,0.35870567963311834
maximin_d2_ordered_l2,462,0.2541828958024932
maximin_d2_ordered_l2,463,0.2819117556552635
maximin_d2_ordered_l2,464,0.3508285499202137
maximin_d2_ordered_l2,465,0.2360226301006484
maximin_d2_ordered_l2,466,0.33590319277823694
maximin_d2_ordered_l2,467,0.3395887788644751
maximin_d2_ordered_l2,468,0.2735066631203518
maximin_d2_ordered_l2,469,0.23668010515326074
maximin_d2_ordered_l2,470,0.34238074607772867
maximin_d2_ordered_l2,471,0.34896167044540677
maximin_d2_ordered_l2,472,0.2531551792125384
maximin_d2_ordered_l2,473,0.25513418540504906
maximin_d2_ordered_l2,474,0.33620161918156727
maximin_d2_ordered_l2,475,0.2495367699765532
maximin_d2_ordered_l2,476,0.33595884075960664
maximin_d2_ordered_l2,477,0.3523273219526448
maximin_d2_ordered_l2,478,0.29436776782560725
maximin_d2_ordered_l2,479,0.25554186480416774
maximin_d2_ordered_l2,480,0.3583783832912548
maximin_d2_ordered_l2,481,0.3427967116080766
maximin_d2_ordered_l2,482,0.25591320624055447
maximin_d2_ordered_l2,483,0.23940712196440178
maximin_d2_ordered_l2,484,0.3582480490993536
maximin_d2_ordered_l2,485,0.24705118034732712
maximin_d2_ordered_l2,486,0.34619406677717196
maximin_d2_ordered_l2,487,0.34599797661178305
maximin_d2_ordered_l2,488,0.28393482474251586
maximin_d2_ordered_l2,489,0.26350231788669
maximin_d2_ordered_l2,490,0.3340509011291549
maximin_d2_ordered_l2,491,0.33766922114855075
maximin_d2_ordered_l2,492,0.2503408296548821
maximin_d2_ordered_l2,493,0.29349194247311045
maximin_d2_ordered_l2,494,0.3420278715782229
maximin_d2_ordered_l2,495,0.2516227723173332
maximin_d2_ordered_l2,496,0.3429935249349819
maximin_d2_ordered_l2,497,0.33576527716755866
maximin_d2_ordered_l2,498,0.2762204508077787
maximin_d2_ordered_l2,499,0.22839221598519124
maximin_d2_ordered_l2,500,0.33120439936485774
maximin_d2_frechet,1,nan
maximin_d2_frechet,2,1.1425892362085592
maximin_d2_frechet,3,1.563962872600668
maximin_d2_frechet,4,1.370958427708746
maximin_d2_frechet,5,0.9388505879047795
maximin_d2_frechet,6,1.2287215845291644
maximin_d2_frechet,7,1.2740266255458754
maximin_d2_frechet,8,0.90424623219276
maximin_d2_frechet,9,0.9552769143323071
maximin_d2_frechet,10,0.9947624596241951
maximin_d2_frechet,11,1.0117639167659485
maximin_d2_frechet,12,0.6171705966485687
maximin_d2_frechet,13,0.8916208412590971
maximin_d2_frechet,14,0.8556406861009289
maximin_d2_frechet,15,0.6215219118060442
maximin_d2_frechet,16,0.9167346722206762
maximin_d2_frechet,17,0.8809736809716975
maximin_d2_frechet,18,0.8394465793030348
maximin_d2_frechet,19,0.6665458927004033
maximin_d2_frechet,20,0.9358432513795931
maximin_d2_frechet,21,0.8839402738605637
maximin_d2_frechet,22,0.6210164693522061
maximin_d2_frechet,23,0.8048402952287547
maximin_d2_frechet,24,0.9411947948173466
maximin_d2_frechet,25,0.5948190044361938
maximin_d2_frechet,26,0.8215468149871782
maximin_d2_frechet,27,0.8157498056222375
maximin_d2_frechet,28,0.8605280170826892
maximin_d2_frechet,29,0.6271433935404642
maximin_d2_frechet,30,0.8269528896736645
maximin_d2_frechet,31,0.7849753685313691
maximin_d2_frechet,32,0.5543878562660159
maximin_d2_frechet,33,0.8386238165648223
maximin_d2_frechet,34,0.7730200315334577
maximin_d2_frechet,35,0.6066610177254022
maximin_d2_frechet,36,0.7419346629369135
maximin_d2_frechet,37,0.6969767584883773
maximin_d2_frechet,38,0.768389095757923
maximin_d2_frechet,39,0.5307630529957355
maximin_d2_frechet,40,0.769529353302914
maximin_d2_frechet,41,0.7245918623021822
maximin_d2_frechet,42,0.4853978251544174
maximin_d2_frechet,43,0.7614637294644153
maximin_d2_frechet,44,0.8697610195244615
maximin_d2_frechet,45,0.5015691442672009
maximin_d2_frechet,46,0.7582107623706862
maximin_d2_frechet,47,0.7951742472354955
maximin_d2_frechet,48,0.7503683989858041
maximin_d2_frechet,49,0.625534385758983
maximin_d2_frechet,50,0.684922934101807
maximin_d2_frechet,51,0.7555574623733147
maximin_d2_frechet,52,0.4989042779428834
maximin_d2_frechet,53,0.7816528167834368
maximin_d2_frechet,54,0.8018040035565944
maximin_d2_frechet,55,0.4711863298358956
maximin_d2_frechet,56,0.7140142172866675
maximin_d2_frechet,57,0.722569855296084
maximin_d2_frechet,58,0.7865494390607056
maximin_d2_frechet,59,0.4871934159544592
maximin_d2_frechet,60,0.7106728223982253
maximin_d2_frechet,61,0.6201136926114295
maximin_d2_frechet,62,0.5296440073346099
maximin_d2_frechet,63,0.6321137752882162
maximin_d2_frechet,64,0.7266594393950333
maximin_d2_frechet,65,0.4832520177761242
maximin_d2_frechet,66,0.7085649831335982
maximin_d2_frechet,67,0.7937151901826621
maximin_d2_frechet,68,0.6997437723307629
maximin_d2_frechet,69,0.5453900657984698
maximin_d2_frechet,70,0.7483238795658852
maximin_d2_frechet,71,0.6981257880979008
maximin_d2_frechet,72,0.48441438016621435
maximin_d2_frechet,73,0.7032998189638229
maximin_d2_frechet,74,0.6568364635193743
maximin_d2_frechet,75,0.5417268688404131
maximin_d2_frechet,76,0.7276696675671159
maximin_d2_frechet,77,0.6783774192424311
maximin_d2_frechet,78,0.696084485685292
maximin_d2_frechet,79,0.4666870019850168
maximin_d2_frechet,80,0.710871438454771
maximin_d2_frechet,81,0.6546138318802063
maximin_d2_frechet,82,0.4401359155042233
maximin_d2_frechet,83,0.6949876063625902
maximin_d2_frechet,84,0.6305351787258474
maximin_d2_frechet,85,0.4410517337742608
maximin_d2_frechet,86,0.5930429093275775
maximin_d2_frechet,87,0.6439207559367388
maximin_d2_frechet,88,0.7833709928305185
maximin_d2_frechet,89,0.5122956406432032
maximin_d2_frechet,90,0.6894061821823089
maximin_d2_frechet,91,0.7327894314975385
maximin_d2_frechet,92,0.42859803575832683
maximin_d2_frechet,93,0.7391861658813917
maximin_d2_frechet,94,0.719943546588623
maximin_d2_frechet,95,0.4564905384491755
maximin_d2_frechet,96,0.6394595395063585
maximin_d2_frechet,97,0.6453989506185248
maximin_d2_frechet,98,0.7019805379307793
maximin_d2_frechet,99,0.4655025184817693
maximin_d2_frechet,100,0.6656575887288113
maximin_d2_frechet,101,0.6589553905331814
maximin_d2_frechet,102,0.4083307074851516
maximin_d2_frechet,103,0.6724809913287447
maximin_d2_frechet,104,0.6708044338016214
maximin_d2_frechet,105,0.4000971055753355
maximin_d2_frechet,106,0.6444118671638248
maximin_d2_frechet,107,0.6137684617877108
maximin_d2_frechet,108,0.6156873489170122
maximin_d2_frechet,109,0.44147733006835016
maximin_d2_frechet,110,0.5692811726837654
maximin_d2_frechet,111,0.6387186780047529
maximin_d2_frechet,112,0.4450505196013895
maximin_d2_frechet,113,0.717523565120364
maximin_d2_frechet,114,0.6425002852601581
maximin_d2_frechet,115,0.41680258181772484
maximin_d2_frechet,116,0.7025987210311767
maximin_d2_frechet,117,0.6950972409147472
maximin_d2_frechet,118,0.7114702745232324
maximin_d2_frechet,119,0.4507493977782943
maximin_d2_frechet,120,0.6269151948859712
maximin_d2_frechet,121,0.6213398194121763
maximin_d2_frechet,122,0.40555191407154734
maximin_d2_frechet,123,0.6078928980396128
maximin_d2_frechet,124,0.6471760180219001
maximin_d2_frechet,125,0.4305835929418518
maximin_d2_frechet,126,0.6320994042945924
maximin_d2_frechet,127,0.6204346082487576
maximin_d2_frechet,128,0.6243285686189105
maximin_d2_frechet,129,0.4158163450511084
maximin_d2_frechet,130,0.5935218650416427
maximin_d2_frechet,131,0.6044518824175623
maximin_d2_frechet,132,0.4206851618704726
maximin_d2_frechet,133,0.646218242760429
maximin_d2_frechet,134,0.5652334252309391
maximin_d2_frechet,135,0.4175084619917157
maximin_d2_frechet,136,0.5887630678920602
maximin_d2_frechet,137,0.6088947181524471
maximin_d2_frechet,138,0.6789011134344762
maximin_d2_frechet,139,0.458269348432761
maximin_d2_frechet,140,0.6436044737210846
maximin_d2_frechet,141,0.6423355882674715
maximin_d2_frechet,142,0.37939784225076656
maximin_d2_frechet,143,0.6076578313790706
maximin_d2_frechet,144,0.599584862747874
maximin_d2_frechet,145,0.39900952175717175
maximin_d2_frechet,146,0.6177028377559233
maximin_d2_frechet,147,0.5975348004260257
maximin_d2_frechet,148,0.6095554062669172
maximin_d2_frechet,149,0.39184752573948706
maximin_d2_frechet,150,0.5997048449952804
maximin_d2_frechet,151,0.5922486059664389
maximin_d2_frechet,152,0.42016561190087715
maximin_d2_frechet,153,0.5508549081418942
maximin_d2_frechet,154,0.5692538110239825
maximin_d2_frechet,155,0.3938649467733946
maximin_d2_frechet,156,0.5867810842270583
maximin_d2_frechet,157,0.5649888302935212
maximin_d2_frechet,158,0.5716691586259723
maximin_d2_frechet,159,0.42040340698767925
maximin_d2_frechet,160,0.5693958689358026
maximin_d2_frechet,161,0.5987796183877917
maximin_d2_frechet,162,0.4051945089329133
maximin_d2_frechet,163,0.5237459797612838
maximin_d2_frechet,164,0.6195009379317966
maximin_d2_frechet,165,0.41333876839875744
maximin_d2_frechet,166,0.6288661042137416
maximin_d2_frechet,167,0.5634815753866899
maximin_d2_frechet,168,0.5774709856102673
maximin_d2_frechet,169,0.37490574118324593
maximin_d2_frechet,170,0.5942288007262071
maximin_d2_frechet,171,0.5956284311576063
maximin_d2_frechet,172,0.36835589460876367
maximin_d2_frechet,173,0.5046584543707237
maximin_d2_frechet,174,0.5896043982856803
maximin_d2_frechet,175,0.3934598930710906
maximin_d2_frechet,176,0.5873770643717316
maximin_d2_frechet,177,0.5593162804624068
maximin_d2_frechet,178,0.5749559633265436
maximin_d2_frechet,179,0.4138054685566029
maximin_d2_frechet,180,0.545460171308465
maximin_d2_frechet,181,0.5347486469570992
maximin_d2_frechet,182,0.378954437488026
maximin_d2_frechet,183,0.48939251141083956
maximin_d2_frechet,184,0.5573777570149766
maximin_d2_frechet,185,0.37820234879234904
maximin_d2_frechet,186,0.5764221005147995
maximin_d2_frechet,187,0.5920631206850573
maximin_d2_frechet,188,0.5607734753987028
maximin_d2_frechet,189,0.38462059443368324
maximin_d2_frechet,190,0.570916104843101
maximin_d2_frechet,191,0.5616724926598906
maximin_d2_frechet,192,0.3853018829744035
maximin_d2_frechet,193,0.5441752165867467
maximin_d2_frechet,194,0.5710331138512872
maximin_d2_frechet,195,0.3830820475136118
maximin_d2_frechet,196,0.59254684633624
maximin_d2_frechet,197,0.5631757989893078
maximin_d2_frechet,198,0.5608630510879408
maximin_d2_frechet,199,0.4168460664368669
maximin_d2_frechet,200,0.5703764329920109
maximin_d2_frechet,201,0.5516698941747982
maximin_d2_frechet,202,0.38124749157765886
maximin_d2_frechet,203,0.5252594192527757
maximin_d2_frechet,204,0.5375145793061399
maximin_d2_frechet,205,0.3522220703947713
maximin_d2_frechet,206,0.5270700591330686
maximin_d2_frechet,207,0.5480794837573227
maximin_d2_frechet,208,0.4877933936779805
maximin_d2_frechet,209,0.37293492131901657
maximin_d2_frechet,210,0.5427034976855892
maximin_d2_frechet,211,0.5846605585421594
maximin_d2_frechet,212,0.36500466637166673
maximin_d2_frechet,213,0.5309669914564729
maximin_d2_frechet,214,0.5342719133828324
maximin_d2_frechet,215,0.3570952875910714
maximin_d2_frechet,216,0.5487548872202441
maximin_d2_frechet,217,0.5659774670407062
maximin_d2_frechet,218,0.4177015748752888
maximin_d2_frechet,219,0.36174341103386154
maximin_d2_frechet,220,0.5448351882532734
maximin_d2_frechet,221,0.5547130648073942
maximin_d2_frechet,222,0.37725207153469076
maximin_d2_frechet,223,0.48842838369314456
maximin_d2_frechet,224,0.5503706530085685
maximin_d2_frechet,225,0.37214268644361986
maximin_d2_frechet,226,0.5142767265714807
maximin_d2_frechet,227,0.5316517650810973
maximin_d2_frechet,228,0.506346472450439
maximin_d2_frechet,229,0.35739322098180776
maximin_d2_frechet,230,0.5237732065235264
maximin_d2_frechet,231,0.5083728937140234
maximin_d2_frechet,232,0.3848692064392595
maximin_d2_frechet,233,0.49983650148939907
maximin_d2_frechet,234,0.516549929982512
maximin_d2_frechet,235,0.37002460366859946
maximin_d2_frechet,236,0.5666073992789995
maximin_d2_frechet,237,0.5262856437794692
maximin_d2_frechet,238,0.5740237913280497
maximin_d2_frechet,239,0.3655067983931641
maximin_d2_frechet,240,0.5291079384695863
maximin_d2_frechet,241,0.5559978876474904
maximin_d2_frechet,242,0.3397677175180194
maximin_d2_frechet,243,0.40433072127124026
maximin_d2_frechet,244,0.5379368086510672
maximin_d2_frechet,245,0.3431175623394266
maximin_d2_frechet,246,0.5538408234641683
maximin_d2_frechet,247,0.530631617130113
maximin_d2_frechet,248,0.48370138903086224
maximin_d2_frechet,249,0.37167547719296284
maximin_d2_frechet,250,0.5108952139227615
maximin_d2_frechet,251,0.5194342071377628
maximin_d2_frechet,252,0.3373861028779989
maximin_d2_frechet,253,0.5064947088974789
maximin_d2_frechet,254,0.5190078269679744
maximin_d2_frechet,255,0.34836964464308967
maximin_d2_frechet,256,0.5071293846401441
maximin_d2_frechet,257,0.5144396318537087
maximin_d2_frechet,258,0.4822432996326743
maximin_d2_frechet,259,0.35136812296911324
maximin_d2_frechet,260,0.5399813608263135
maximin_d2_frechet,261,0.5015071619933842
maximin_d2_frechet,262,0.3375404803742451
maximin_d2_frechet,263,0.42455372737194214
maximin_d2_frechet,264,0.5249810699906244
maximin_d2_frechet,265,0.3702980153639662
maximin_d2_frechet,266,0.5346450096679163
maximin_d2_frechet,267,0.5370247153192709
maximin_d2_frechet,268,0.43363768805361186
maximin_d2_frechet,269,0.3481195642816073
maximin_d2_frechet,270,0.5309007550424842
maximin_d2_frechet,271,0.5261831835826257
maximin_d2_frechet,272,0.3441019046505198
maximin_d2_frechet,273,0.5106815267102869
maximin_d2_frechet,274,0.49208611446186257
maximin_d2_frechet,275,0.36703436072484613
maximin_d2_frechet,276,0.5192552771939374
maximin_d2_frechet,277,0.5002980944667141
maximin_d2_frechet,278,0.40889651514167336
maximin_d2_frechet,279,0.3571360657329372
maximin_d2_frechet,280,0.502693030191896
maximin_d2_frechet,281,0.5105372908443903
maximin_d2_frechet,282,0.3325013508898429
maximin_d2_frechet,283,0.4400136232686025
maximin_d2_frechet,284,0.5239103062989923
maximin_d2_frechet,285,0.33346083837335405
maximin_d2_frechet,286,0.4932100543553455
maximin_d2_frechet,287,0.520099165374398
maximin_d2_frechet,288,0.4892774254759518
maximin_d2_frechet,289,0.34198493441976924
maximin_d2_frechet,290,0.5060309508872725
maximin_d2_frechet,291,0.5278833027330506
maximin_d2_frechet,292,0.3316361989158297
maximin_d2_frechet,293,0.4494476880326405
maximin_d2_frechet,294,0.5026324388837319
maximin_d2_frechet,295,0.34485638945155866
maximin_d2_frechet,296,0.5227893104323661
maximin_d2_frechet,297,0.49194394172657335
maximin_d2_frechet,298,0.5689771825083065
maximin_d2_frechet,299,0.34775535451677747
maximin_d2_frechet,300,0.496357120090354
maximin_d2_frechet,301,0.49169321540154554
maximin_d2_frechet,302,0.31178453614316337
maximin_d2_frechet,303,0.33787951468000493
maximin_d2_frechet,304,0.5025066227174457
maximin_d2_frechet,305,0.3216940001184324
maximin_d2_frechet,306,0.4963034559026752
maximin_d2_frechet,307,0.5222282368933614
maximin_d2_frechet,308,0.44632895010983314
maximin_d2_frechet,309,0.31854723124015544
maximin_d2_frechet,310,0.49168077514022784
maximin_d2_frechet,311,0.515478454108708
maximin_d2_frechet,312,0.3415547314658615
maximin_d2_frechet,313,0.46104133952465115
maximin_d2_frechet,314,0.49979393748831613
maximin_d2_frechet,315,0.3454464529907384
maximin_d2_frechet,316,0.5179463042211174
maximin_d2_frechet,317,0.5025652284630919
maximin_d2_frechet,318,0.4662758207143672
maximin_d2_frechet,319,0.3466154691502312
maximin_d2_frechet,320,0.5066001594974073
maximin_d2_frechet,321,0.4916586119459506
maximin_d2_frechet,322,0.3305417333849842
maximin_d2_frechet,323,0.4217058360369863
maximin_d2_frechet,324,0.4829635330258248
maximin_d2_frechet,325,0.32667142332398436
maximin_d2_frechet,326,0.47987061112970636
maximin_d2_frechet,327,0.4946204132346398
maximin_d2_frechet,328,0.41959416259158044
maximin_d2_frechet,329,0.33984019495451967
maximin_d2_frechet,330,0.4923754117119371
maximin_d2_frechet,331,0.520920146322403
maximin_d2_frechet,332,0.33032728509046816
maximin_d2_frechet,333,0.48627886709500023
maximin_d2_frechet,334,0.49052472330901165
maximin_d2_frechet,335,0.3341019373365401
maximin_d2_frechet,336,0.514131597903372
maximin_d2_frechet,337,0.4970318952510606
maximin_d2_frechet,338,0.3833744459506015
maximin_d2_frechet,339,0.3264189248588157
maximin_d2_frechet,340,0.4855150848687762
maximin_d2_frechet,341,0.5005705387675577
maximin_d2_frechet,342,0.3041996578460162
maximin_d2_frechet,343,0.4290006481149596
maximin_d2_frechet,344,0.5009617770774748
maximin_d2_frechet,345,0.3079075571128151
maximin_d2_frechet,346,0.4909532023891438
maximin_d2_frechet,347,0.4732161782260962
maximin_d2_frechet,348,0.4600293121263239
maximin_d2_frechet,349,0.3094566631307917
maximin_d2_frechet,350,0.4686455685284552
maximin_d2_frechet,351,0.4858838984996571
maximin_d2_frechet,352,0.32513200272421366
maximin_d2_frechet,353,0.3827625584087605
maximin_d2_frechet,354,0.48670385743662203
maximin_d2_frechet,355,0.33425157558769614
maximin_d2_frechet,356,0.5091764007994248
maximin_d2_frechet,357,0.47870101355459116
maximin_d2_frechet,358,0.4477613468154642
maximin_d2_frechet,359,0.3424201078209416
maximin_d2_frechet,360,0.4993765273007455
maximin_d2_frechet,361,0.48254109978680015
maximin_d2_frechet,362,0.3292764052198628
maximin_d2_frechet,363,0.32778321076635364
maximin_d2_frechet,364,0.4814722703553124
maximin_d2_frechet,365,0.3233815405540675
maximin_d2_frechet,366,0.49227587017816554
maximin_d2_frechet,367,0.49354937922464565
maximin_d2_frechet,368,0.4054816820516849
maximin_d2_frechet,369,0.3294733004864282
maximin_d2_frechet,370,0.4766854311156303
maximin_d2_frechet,371,0.47001712097959925
maximin_d2_frechet,372,0.3055948236737604
maximin_d2_frechet,373,0.4526420638833785
maximin_d2_frechet,374,0.4618855172825889
maximin_d2_frechet,375,0.33127985340082766
maximin_d2_frechet,376,0.47929336971706715
maximin_d2_frechet,377,0.47807929669400495
maximin_d2_frechet,378,0.42819319694601266
maximin_d2_frechet,379,0.31631686269037534
maximin_d2_frechet,380,0.49927573039089723
maximin_d2_frechet,381,0.47670840198089914
maximin_d2_frechet,382,0.29645847095178984
maximin_d2_frechet,383,0.3996396034147319
maximin_d2_frechet,384,0.48197351947480455
maximin_d2_frechet,385,0.29794617646676896
maximin_d2_frechet,386,0.4743105167754091
maximin_d2_frechet,387,0.46245826236802134
maximin_d2_frechet,388,0.3779240630081396
maximin_d2_frechet,389,0.30725684643621043
maximin_d2_frechet,390,0.4916606132799128
maximin_d2_frechet,391,0.4847659468535987
maximin_d2_frechet,392,0.31197049569138646
maximin_d2_frechet,393,0.4752832907102197
maximin_d2_frechet,394,0.4633906303211477
maximin_d2_frechet,395,0.33303122986140365
maximin_d2_frechet,396,0.4688279105245215
maximin_d2_frechet,397,0.44074723540693644
maximin_d2_frechet,398,0.36815429414772777
maximin_d2_frechet,399,0.3358449270984734
maximin_d2_frechet,400,0.47683388896741075
maximin_d2_frechet,401,0.47739218558294344
maximin_d2_frechet,402,0.31024660562233874
maximin_d2_frechet,403,0.3985180312945357
maximin_d2_frechet,404,0.4924554863526657
maximin_d2_frechet,405,0.31635955249595354
maximin_d2_frechet,406,0.47539634247070855
maximin_d2_frechet,407,0.4747297550461399
maximin_d2_frechet,408,0.44699131270043274
maximin_d2_frechet,409,0.3244055325634217
maximin_d2_frechet,410,0.4581246014399863
maximin_d2_frechet,411,0.4547820390082135
maximin_d2_frechet,412,0.2955991115702014
maximin_d2_frechet,413,0.34094771119506473
maximin_d2_frechet,414,0.4646968046138315
maximin_d2_frechet,415,0.3188282871672889
maximin_d2_frechet,416,0.4696908696040778
maximin_d2_frechet,417,0.45421847434731333
maximin_d2_frechet,418,0.44395133151115124
maximin_d2_frechet,419,0.3078454363208044
maximin_d2_frechet,420,0.4435186532930744
maximin_d2_frechet,421,0.4400016628582992
maximin_d2_frechet,422,0.28522719736734675
maximin_d2_frechet,423,0.31111928732631283
maximin_d2_frechet,424,0.47543921270771006
maximin_d2_frechet,425,0.2807540284625804
maximin_d2_frechet,426,0.4689581866605755
maximin_d2_frechet,427,0.47352696892885954
maximin_d2_frechet,428,0.3905469064004585
maximin_d2_frechet,429,0.3067641180438107
maximin_d2_frechet,430,0.4453006780322966
maximin_d2_frechet,431,0.4675039702865054
maximin_d2_frechet,432,0.29815151177461113
maximin_d2_frechet,433,0.4074491217523061
maximin_d2_frechet,434,0.44927673764798165
maximin_d2_frechet,435,0.3287151146608764
maximin_d2_frechet,436,0.4532373454145312
maximin_d2_frechet,437,0.4569162480287408
maximin_d2_frechet,438,0.35748779638105166
maximin_d2_frechet,439,0.32693072340841983
maximin_d2_frechet,440,0.46839938374961604
maximin_d2_frechet,441,0.4416805872597571
maximin_d2_frechet,442,0.30316784450861156
maximin_d2_frechet,443,0.3571485408810013
maximin_d2_frechet,444,0.4340667248940767
maximin_d2_frechet,445,0.3035783891133122
maximin_d2_frechet,446,0.4265530502704988
maximin_d2_frechet,447,0.46805108839899867
maximin_d2_frechet,448,0.3500076696723469
maximin_d2_frechet,449,0.3179274790097717
maximin_d2_frechet,450,0.4551420748571501
maximin_d2_frechet,451,0.46350972560186765
maximin_d2_frechet,452,0.2832372887645645
maximin_d2_frechet,453,0.4592365197231596
maximin_d2_frechet,454,0.4449449356278883
maximin_d2_frechet,455,0.31850938308090154
maximin_d2_frechet,456,0.4622079676193733
maximin_d2_frechet,457,0.44249091909206617
maximin_d2_frechet,458,0.3445245344507683
maximin_d2_frechet,459,0.3013589961922172
maximin_d2_frechet,460,0.442284827777163
maximin_d2_frechet,461,0.45634911855541455
maximin_d2_frechet,462,0.2844545363007709
maximin_d2_frechet,463,0.38664238424771435
maximin_d2_frechet,464,0.4683288111679246
maximin_d2_frechet,465,0.27792109878913335
maximin_d2_frechet,466,0.4399121140000137
maximin_d2_frechet,467,0.43026095180672386
maximin_d2_frechet,468,0.3699437409932525
maximin_d2_frechet,469,0.3050086348992
maximin_d2_frechet,470,0.41252545465796986
maximin_d2_frechet,471,0.45875764293688
maximin_d2_frechet,472,0.2933598472764347
maximin_d2_frechet,473,0.3207186261540053
maximin_d2_frechet,474,0.45152244093606647
maximin_d2_frechet,475,0.3285868333555732
maximin_d2_frechet,476,0.44869779793912223
maximin_d2_frechet,477,0.442630147487079
maximin_d2_frechet,478,0.3895496547090438
maximin_d2_frechet,479,0.30667618539770514
maximin_d2_frechet,480,0.4472585701013304
maximin_d2_frechet,481,0.4355154185940952
maximin_d2_frechet,482,0.2980580575560745
maximin_d2_frechet,483,0.30280501480215466
maximin_d2_frechet,484,0.43649462611966794
maximin_d2_frechet,485,0.2956121727662563
maximin_d2_frechet,486,0.45297530460268315
maximin_d2_frechet,487,0.46305345872997455
maximin_d2_frechet,488,0.3494505808516111
maximin_d2_frechet,489,0.304598997037796
maximin_d2_frechet,490,0.4280244549101755
maximin_d2_frechet,491,0.4270098371339823
maximin_d2_frechet,492,0.28116077429548536
maximin_d2_frechet,493,0.3751279917386564
maximin_d2_frechet,494,0.41181143256733466
maximin_d2_frechet,495,0.2983380779917199
maximin_d2_frechet,496,0.4533391480094236
maximin_d2_frechet,497,0.443732460032397
maximin_d2_frechet,498,0.3509539387377842
maximin_d2_frechet,499,0.3003573682173853
maximin_d2_frechet,500,0.43849746748775065
maximin_d2_dtw,1,nan
maximin_d2_dtw,2,0.5262672835258828
maximin_d2_dtw,3,0.5332219398094884
maximin_d2_dtw,4,0.42202380716179494
maximin_d2_dtw,5,0.33154127154721563
maximin_d2_dtw,6,0.3493147634293884
maximin_d2_dtw,7,0.33741865822993067
maximin_d2_dtw,8,0.34178069196971855
maximin_d2_dtw,9,0.3389460344056133
maximin_d2_dtw,10,0.310720310561328
maximin_d2_dtw,11,0.33965509780924763
maximin_d2_dtw,12,0.2779442194399877
maximin_d2_dtw,13,0.315947746410314
maximin_d2_dtw,14,0.29650585335628776
maximin_d2_dtw,15,0.24989974893920827
maximin_d2_dtw,16,0.29540619684561775
maximin_d2_dtw,17,0.2976245125558745
maximin_d2_dtw,18,0.2971127525688302
maximin_d2_dtw,19,0.26409904838603865
maximin_d2_dtw,20,0.30473002058119775
maximin_d2_dtw,21,0.3376411386754577
maximin_d2_dtw,22,0.24344722035222374
maximin_d2_dtw,23,0.34690515220098717
maximin_d2_dtw,24,0.32641741828814097
maximin_d2_dtw,25,0.23890916605693868
maximin_d2_dtw,26,0.28925828525080216
maximin_d2_dtw,27,0.2820580442334129
maximin_d2_dtw,28,0.3107688797980594
maximin_d2_dtw,29,0.23805242557384934
maximin_d2_dtw,30,0.2797013119122648
maximin_d2_dtw,31,0.28970718041059507
maximin_d2_dtw,32,0.2531722827433754
maximin_d2_dtw,33,0.3047486879704625
maximin_d2_dtw,34,0.26061790919923605
maximin_d2_dtw,35,0.22590028759417446
maximin_d2_dtw,36,0.27395558246897306
maximin_d2_dtw,37,0.2648301184677175
maximin_d2_dtw,38,0.2716065784042603
maximin_d2_dtw,39,0.21378712787678872
maximin_d2_dtw,40,0.2525031410476392
maximin_d2_dtw,41,0.28161718022175963
maximin_d2_dtw,42,0.2230406224393136
maximin_d2_dtw,43,0.2957127388301927
maximin_d2_dtw,44,0.2984798286229951
maximin_d2_dtw,45,0.20792544794161005
maximin_d2_dtw,46,0.2568784470110754
maximin_d2_dtw,47,0.266801746155917
maximin_d2_dtw,48,0.2712193113618823
maximin_d2_dtw,49,0.21014799806264814
maximin_d2_dtw,50,0.2792966459565548
maximin_d2_dtw,51,0.269401633264455
maximin_d2_dtw,52,0.20841599773885985
maximin_d2_dtw,53,0.28979339858338676
maximin_d2_dtw,54,0.27921096451893324
maximin_d2_dtw,55,0.2129545112176694
maximin_d2_dtw,56,0.2651422081477407
maximin_d2_dtw,57,0.25184747000252156
maximin_d2_dtw,58,0.2901371731458707
maximin_d2_dtw,59,0.19084942587783704
maximin_d2_dtw,60,0.24087206303158767
maximin_d2_dtw,61,0.22953435695499638
maximin_d2_dtw,62,0.19227586042637615
maximin_d2_dtw,63,0.23557596782469142
maximin_d2_dtw,64,0.2258855823119384
maximin_d2_dtw,65,0.19222921923774147
maximin_d2_dtw,66,0.243301325516425
maximin_d2_dtw,67,0.25084846390613674
maximin_d2_dtw,68,0.27450480019763024
maximin_d2_dtw,69,0.18831989048570563
maximin_d2_dtw,70,0.25391757140081994
maximin_d2_dtw,71,0.25912545001266685
maximin_d2_dtw,72,0.19949642784097976
maximin_d2_dtw,73,0.2252383440527598
maximin_d2_dtw,74,0.2703987857123356
maximin_d2_dtw,75,0.18077127893916917
maximin_d2_dtw,76,0.24871463097034352
maximin_d2_dtw,77,0.24497019540768308
maximin_d2_dtw,78,0.22983821738335075
maximin_d2_dtw,79,0.1835795180585097
maximin_d2_dtw,80,0.24555819347083396
maximin_d2_dtw,81,0.2447321403342464
maximin_d2_dtw,82,0.18445720406143462
maximin_d2_dtw,83,0.2546967043583922
maximin_d2_dtw,84,0.23837059617790402
maximin_d2_dtw,85,0.18590895982618572
maximin_d2_dtw,86,0.21700685395661204
maximin_d2_dtw,87,0.2225151200841899
maximin_d2_dtw,88,0.24668365696306377
maximin_d2_dtw,89,0.18489258035483616
maximin_d2_dtw,90,0.23969475133405657
maximin_d2_dtw,91,0.24793602211043644
maximin_d2_dtw,92,0.17395571907797694
maximin_d2_dtw,93,0.2761531926583512
maximin_d2_dtw,94,0.23655897625093622
maximin_d2_dtw,95,0.17365347993431107
maximin_d2_dtw,96,0.23842306055615187
maximin_d2_dtw,97,0.23762219283573305
maximin_d2_dtw,98,0.23536835942739423
maximin_d2_dtw,99,0.18149158409765986
maximin_d2_dtw,100,0.23007817998403418
maximin_d2_dtw,101,0.2330509991984042
maximin_d2_dtw,102,0.1629429275432141
maximin_d2_dtw,103,0.2612265322155892
maximin_d2_dtw,104,0.22976469534384225
maximin_d2_dtw,105,0.17280769208348745
maximin_d2_dtw,106,0.21606849794549696
maximin_d2_dtw,107,0.2303176221791183
maximin_d2_dtw,108,0.24349058235540047
maximin_d2_dtw,109,0.17676536518087077
maximin_d2_dtw,110,0.20715029757824277
maximin_d2_dtw,111,0.2137549562128604
maximin_d2_dtw,112,0.17259521132243927
maximin_d2_dtw,113,0.2538475722887844
maximin_d2_dtw,114,0.22386750283956564
maximin_d2_dtw,115,0.17671990289774345
maximin_d2_dtw,116,0.23808145446285328
maximin_d2_dtw,117,0.22483289455008748
maximin_d2_dtw,118,0.23945021783286094
maximin_d2_dtw,119,0.17693361123510937
maximin_d2_dtw,120,0.22941965163721173
maximin_d2_dtw,121,0.2350381751290658
maximin_d2_dtw,122,0.16171480276037348
maximin_d2_dtw,123,0.21268844317676816
maximin_d2_dtw,124,0.2201315845045703
maximin_d2_dtw,125,0.16325094359327433
maximin_d2_dtw,126,0.2190763657473748
maximin_d2_dtw,127,0.2199758369193101
maximin_d2_dtw,128,0.24455334315007768
maximin_d2_dtw,129,0.18166377813996953
maximin_d2_dtw,130,0.2153921211373433
maximin_d2_dtw,131,0.22214066288951456
maximin_d2_dtw,132,0.1637488419536925
maximin_d2_dtw,133,0.2141308062646768
maximin_d2_dtw,134,0.20476762918359667
maximin_d2_dtw,135,0.16117422973656406
maximin_d2_dtw,136,0.20047779066333807
maximin_d2_dtw,137,0.2214144859551348
maximin_d2_dtw,138,0.21664484057966965
maximin_d2_dtw,139,0.16703527994014622
maximin_d2_dtw,140,0.22649040058526362
maximin_d2_dtw,141,0.22354246792298005
maximin_d2_dtw,142,0.1562997056448159
maximin_d2_dtw,143,0.22208426537182935
maximin_d2_dtw,144,0.2257550753577815
maximin_d2_dtw,145,0.14934760700667082
maximin_d2_dtw,146,0.22601759515740308
maximin_d2_dtw,147,0.2110976581158338
maximin_d2_dtw,148,0.23532467449732447
maximin_d2_dtw,149,0.16113052579474632
maximin_d2_dtw,150,0.2178463559941551
maximin_d2_dtw,151,0.20870743093095986
maximin_d2_dtw,152,0.15646353430563895
maximin_d2_dtw,153,0.23335085912612857
maximin_d2_dtw,154,0.2005940986610148
maximin_d2_dtw,155,0.15470640509497902
maximin_d2_dtw,156,0.21581524316220788
maximin_d2_dtw,157,0.19859596711648086
maximin_d2_dtw,158,0.20478581849230598
maximin_d2_dtw,159,0.1658292549257017
maximin_d2_dtw,160,0.18891190219719034
maximin_d2_dtw,161,0.21821000692590795
maximin_d2_dtw,162,0.16069888927670906
maximin_d2_dtw,163,0.22288937482834303
maximin_d2_dtw,164,0.2188953706831911
maximin_d2_dtw,165,0.15394744862249882
maximin_d2_dtw,166,0.21693806666085994
maximin_d2_dtw,167,0.21117824996581067
maximin_d2_dtw,168,0.20687088586547267
maximin_d2_dtw,169,0.15222047073435668
maximin_d2_dtw,170,0.2201185394181953
maximin_d2_dtw,171,0.20703552475265932
maximin_d2_dtw,172,0.1611761942461865
maximin_d2_dtw,173,0.2145132655425011
maximin_d2_dtw,174,0.21358523103835628
maximin_d2_dtw,175,0.15802488873175782
maximin_d2_dtw,176,0.20732949334675738
maximin_d2_dtw,177,0.19446205021377028
maximin_d2_dtw,178,0.21777977626537118
maximin_d2_dtw,179,0.15598260456546637
maximin_d2_dtw,180,0.19891796335544087
maximin_d2_dtw,181,0.19435437127292365
maximin_d2_dtw,182,0.1436537292315518
maximin_d2_dtw,183,0.17874176088260169
maximin_d2_dtw,184,0.18092361820535033
maximin_d2_dtw,185,0.14739037304288602
maximin_d2_dtw,186,0.20748749340479947
maximin_d2_dtw,187,0.19919736842214095
maximin_d2_dtw,188,0.2235447893377472
maximin_d2_dtw,189,0.14949925863917846
maximin_d2_dtw,190,0.20545479277766143
maximin_d2_dtw,191,0.20906931468660278
maximin_d2_dtw,192,0.15173174025844668
maximin_d2_dtw,193,0.1922934017276093
maximin_d2_dtw,194,0.21617052178135063
maximin_d2_dtw,195,0.14818509527411433
maximin_d2_dtw,196,0.19256900132695726
maximin_d2_dtw,197,0.20599996866473752
maximin_d2_dtw,198,0.20795285656856197
maximin_d2_dtw,199,0.15396999240570394
maximin_d2_dtw,200,0.20211462642470462
maximin_d2_dtw,201,0.18833156021679437
maximin_d2_dtw,202,0.1534761308043778
maximin_d2_dtw,203,0.18840818404806708
maximin_d2_dtw,204,0.1936626468001555
maximin_d2_dtw,205,0.14737191807280783
maximin_d2_dtw,206,0.1939542993302097
maximin_d2_dtw,207,0.18021842612776107
maximin_d2_dtw,208,0.22434038480466872
maximin_d2_dtw,209,0.15115595694336828
maximin_d2_dtw,210,0.197841744781664
maximin_d2_dtw,211,0.19723321930425647
maximin_d2_dtw,212,0.14723309728738393
maximin_d2_dtw,213,0.22094099267368544
maximin_d2_dtw,214,0.1978776735393579
maximin_d2_dtw,215,0.1471516017535481
maximin_d2_dtw,216,0.20145372501505526
maximin_d2_dtw,217,0.21149827393043025
maximin_d2_dtw,218,0.17397417601620271
maximin_d2_dtw,219,0.14273029062847561
maximin_d2_dtw,220,0.19208164252115315
maximin_d2_dtw,221,0.19493805945253445
maximin_d2_dtw,222,0.1269581751807886
maximin_d2_dtw,223,0.20660185573477943
maximin_d2_dtw,224,0.1988831293159222
maximin_d2_dtw,225,0.14052830990258694
maximin_d2_dtw,226,0.18736338800940458
maximin_d2_dtw,227,0.19091236938803943
maximin_d2_dtw,228,0.20393067263373088
maximin_d2_dtw,229,0.1469950242252642
maximin_d2_dtw,230,0.17997374344061426
maximin_d2_dtw,231,0.17920308224143988
maximin_d2_dtw,232,0.1430821886804908
maximin_d2_dtw,233,0.18519187819924282
maximin_d2_dtw,234,0.19158936024553727
maximin_d2_dtw,235,0.1453605776467982
maximin_d2_dtw,236,0.19467482064689345
maximin_d2_dtw,237,0.1900364438632383
maximin_d2_dtw,238,0.2173543255874888
maximin_d2_dtw,239,0.14749229489501156
maximin_d2_dtw,240,0.19968145839522725
maximin_d2_dtw,241,0.19955911549784397
maximin_d2_dtw,242,0.14256626315503304
maximin_d2_dtw,243,0.15135512008715482
maximin_d2_dtw,244,0.18892124031939161
maximin_d2_dtw,245,0.1427565402963811
maximin_d2_dtw,246,0.19482780009288425
maximin_d2_dtw,247,0.1884569324885667
maximin_d2_dtw,248,0.20668155882961098
maximin_d2_dtw,249,0.13752382303804717
maximin_d2_dtw,250,0.18448133552587342
maximin_d2_dtw,251,0.186754240919306
maximin_d2_dtw,252,0.14686718188053943
maximin_d2_dtw,253,0.18675263381587145
maximin_d2_dtw,254,0.1792693929593588
maximin_d2_dtw,255,0.13677981756716776
maximin_d2_dtw,256,0.17418988886489872
maximin_d2_dtw,257,0.1840573332293264
maximin_d2_dtw,258,0.1985437913108285
maximin_d2_dtw,259,0.1399954746589863
maximin_d2_dtw,260,0.19237202953409693
maximin_d2_dtw,261,0.18544308693123715
maximin_d2_dtw,262,0.1261076796390154
maximin_d2_dtw,263,0.18240073503832221
maximin_d2_dtw,264,0.1885533282323729
maximin_d2_dtw,265,0.13839795153712042
maximin_d2_dtw,266,0.1862590187187289
maximin_d2_dtw,267,0.1854602093926691
maximin_d2_dtw,268,0.1776005550127309
maximin_d2_dtw,269,0.1463155365580996
maximin_d2_dtw,270,0.19370440170125652
maximin_d2_dtw,271,0.18805885313525567
maximin_d2_dtw,272,0.13884842459725333
maximin_d2_dtw,273,0.18533496522062215
maximin_d2_dtw,274,0.17987451421337114
maximin_d2_dtw,275,0.1434683565391221
maximin_d2_dtw,276,0.18599461905610504
maximin_d2_dtw,277,0.1786394220232457
maximin_d2_dtw,278,0.17277370362590938
maximin_d2_dtw,279,0.1457608693796711
maximin_d2_dtw,280,0.17011575592711106
maximin_d2_dtw,281,0.17714645377180085
maximin_d2_dtw,282,0.13843557181200306
maximin_d2_dtw,283,0.2039113834728529
maximin_d2_dtw,284,0.18884458832130238
maximin_d2_dtw,285,0.13691067562353823
maximin_d2_dtw,286,0.18505392347886152
maximin_d2_dtw,287,0.18683545304785648
maximin_d2_dtw,288,0.19725522095576364
maximin_d2_dtw,289,0.13427260888044343
maximin_d2_dtw,290,0.18373713477073866
maximin_d2_dtw,291,0.1848385485744292
maximin_d2_dtw,292,0.14242628142629146
maximin_d2_dtw,293,0.18071509705585143
maximin_d2_dtw,294,0.18515362931633939
maximin_d2_dtw,295,0.1339197304745775
maximin_d2_dtw,296,0.18766020559850866
maximin_d2_dtw,297,0.17411135136729766
maximin_d2_dtw,298,0.19960737338519444
maximin_d2_dtw,299,0.13524083578642346
maximin_d2_dtw,300,0.17486661629008068
maximin_d2_dtw,301,0.16756667082017057
maximin_d2_dtw,302,0.12480132038929984
maximin_d2_dtw,303,0.13773267520001015
maximin_d2_dtw,304,0.1645828491181202
maximin_d2_dtw,305,0.1379246707319873
maximin_d2_dtw,306,0.17249614392957768
maximin_d2_dtw,307,0.18787878243108388
maximin_d2_dtw,308,0.17009216759188298
maximin_d2_dtw,309,0.14493499503608046
maximin_d2_dtw,310,0.17946405728007558
maximin_d2_dtw,311,0.18487100130608006
maximin_d2_dtw,312,0.13160586554020037
maximin_d2_dtw,313,0.16828872390111657
maximin_d2_dtw,314,0.18369176652033803
maximin_d2_dtw,315,0.1418248606031306
maximin_d2_dtw,316,0.17861021313362455
maximin_d2_dtw,317,0.18435388296322272
maximin_d2_dtw,318,0.17080743261251968
maximin_d2_dtw,319,0.14335604371773522
maximin_d2_dtw,320,0.18644556143485197
maximin_d2_dtw,321,0.17006473285612375
maximin_d2_dtw,322,0.1376263937486562
maximin_d2_dtw,323,0.1526028919243555
maximin_d2_dtw,324,0.17264167795026095
maximin_d2_dtw,325,0.12511116142257575
maximin_d2_dtw,326,0.1652537602751573
maximin_d2_dtw,327,0.16425547367954588
maximin_d2_dtw,328,0.16926744360231763
maximin_d2_dtw,329,0.13118338252729408
maximin_d2_dtw,330,0.1694325621789588
maximin_d2_dtw,331,0.17302907621963648
maximin_d2_dtw,332,0.13200289390520942
maximin_d2_dtw,333,0.183158656105471
maximin_d2_dtw,334,0.17569877531305378
maximin_d2_dtw,335,0.12730258725189744
maximin_d2_dtw,336,0.18140325108317057
maximin_d2_dtw,337,0.17405394161556237
maximin_d2_dtw,338,0.16815199530907882
maximin_d2_dtw,339,0.1274549679391329
maximin_d2_dtw,340,0.17795792456053855
maximin_d2_dtw,341,0.17741962493078298
maximin_d2_dtw,342,0.12354538847738121
maximin_d2_dtw,343,0.18863688369453746
maximin_d2_dtw,344,0.1764988348539998
maximin_d2_dtw,345,0.13706426851897516
maximin_d2_dtw,346,0.16425565743081894
maximin_d2_dtw,347,0.16596913245710293
maximin_d2_dtw,348,0.17324621729787285
maximin_d2_dtw,349,0.13494580122617314
maximin_d2_dtw,350,0.1649703763317503
maximin_d2_dtw,351,0.16076874789364937
maximin_d2_dtw,352,0.13146494841265824
maximin_d2_dtw,353,0.16676605466563313
maximin_d2_dtw,354,0.16869314371106622
maximin_d2_dtw,355,0.1361308836629022
maximin_d2_dtw,356,0.16737023118821392
maximin_d2_dtw,357,0.1741704280835116
maximin_d2_dtw,358,0.1585870002436282
maximin_d2_dtw,359,0.1342801221354886
maximin_d2_dtw,360,0.17488533847396326
maximin_d2_dtw,361,0.17007118298660004
maximin_d2_dtw,362,0.13659853188605162
maximin_d2_dtw,363,0.13308483208716357
maximin_d2_dtw,364,0.1748631745561342
maximin_d2_dtw,365,0.1245145235638835
maximin_d2_dtw,366,0.17726492498133953
maximin_d2_dtw,367,0.17450053841164448
maximin_d2_dtw,368,0.17003688000369885
maximin_d2_dtw,369,0.12266469390105021
maximin_d2_dtw,370,0.16421346881341348
maximin_d2_dtw,371,0.1657101600433551
maximin_d2_dtw,372,0.127962078782698
maximin_d2_dtw,373,0.1527473176030391
maximin_d2_dtw,374,0.1644968016604212
maximin_d2_dtw,375,0.12377431770440643
maximin_d2_dtw,376,0.1606260396328808
maximin_d2_dtw,377,0.16718388998178774
maximin_d2_dtw,378,0.1590315730707376
maximin_d2_dtw,379,0.12563989115580024
maximin_d2_dtw,380,0.16398500399871818
maximin_d2_dtw,381,0.17073070201108806
maximin_d2_dtw,382,0.12159218195439492
maximin_d2_dtw,383,0.151234414397281
maximin_d2_dtw,384,0.1744454898938537
maximin_d2_dtw,385,0.12441499884722089
maximin_d2_dtw,386,0.1677416395339266
maximin_d2_dtw,387,0.1691301272906595
maximin_d2_dtw,388,0.14852882847988902
maximin_d2_dtw,389,0.12716754057405716
maximin_d2_dtw,390,0.16932986420288507
maximin_d2_dtw,391,0.17405244387559832
maximin_d2_dtw,392,0.12676843112869807
maximin_d2_dtw,393,0.18275330478068985
maximin_d2_dtw,394,0.16072727303466466
maximin_d2_dtw,395,0.12779382685753637
maximin_d2_dtw,396,0.16342993190897967
maximin_d2_dtw,397,0.16322271577252365
maximin_d2_dtw,398,0.14100155694658648
maximin_d2_dtw,399,0.13425611620553157
maximin_d2_dtw,400,0.1579636006821855
maximin_d2_dtw,401,0.16547066315774475
maximin_d2_dtw,402,0.1365624468378858
maximin_d2_dtw,403,0.15899138938549817
maximin_d2_dtw,404,0.15764887973566796
maximin_d2_dtw,405,0.12049757080006908
maximin_d2_dtw,406,0.16858637220025216
maximin_d2_dtw,407,0.17415149249047926
maximin_d2_dtw,408,0.16257135954666915
maximin_d2_dtw,409,0.12230980808765492
maximin_d2_dtw,410,0.16604065440435298
maximin_d2_dtw,411,0.16585994626987927
maximin_d2_dtw,412,0.11982050706040595
maximin_d2_dtw,413,0.1424309888786588
maximin_d2_dtw,414,0.1679297124961651
maximin_d2_dtw,415,0.11820153628323372
maximin_d2_dtw,416,0.17083698425007376
maximin_d2_dtw,417,0.1600045387479471
maximin_d2_dtw,418,0.14202389151580672
maximin_d2_dtw,419,0.12411244580397629
maximin_d2_dtw,420,0.1619863957214696
maximin_d2_dtw,421,0.16182722914652947
maximin_d2_dtw,422,0.11636577159979757
maximin_d2_dtw,423,0.12086833965588673
maximin_d2_dtw,424,0.15780352646209653
maximin_d2_dtw,425,0.12313098319892675
maximin_d2_dtw,426,0.1635758860502986
maximin_d2_dtw,427,0.1546837964959882
maximin_d2_dtw,428,0.14726753733021689
maximin_d2_dtw,429,0.12091384791218096
maximin_d2_dtw,430,0.16543402809599736
maximin_d2_dtw,431,0.1736556697134702
maximin_d2_dtw,432,0.12571322169639312
maximin_d2_dtw,433,0.14715662273112
maximin_d2_dtw,434,0.16442904410540468
maximin_d2_dtw,435,0.12125588066843183
maximin_d2_dtw,436,0.1652349248406467
maximin_d2_dtw,437,0.15973721168139346
maximin_d2_dtw,438,0.13902214152738862
maximin_d2_dtw,439,0.13134408162983022
maximin_d2_dtw,440,0.1681272836915209
maximin_d2_dtw,441,0.1558879437522199
maximin_d2_dtw,442,0.1295791997422883
maximin_d2_dtw,443,0.12987476985536145
maximin_d2_dtw,444,0.1596766770822803
maximin_d2_dtw,445,0.12034233333758859
maximin_d2_dtw,446,0.16168909371341142
maximin_d2_dtw,447,0.15721245677654266
maximin_d2_dtw,448,0.13957593198809334
maximin_d2_dtw,449,0.12168841463161978
maximin_d2_dtw,450,0.16244192892082973
maximin_d2_dtw,451,0.15385325097714286
maximin_d2_dtw,452,0.11660480915989468
maximin_d2_dtw,453,0.15629262794590207
maximin_d2_dtw,454,0.16453895527302972
maximin_d2_dtw,455,0.11147865663847248
maximin_d2_dtw,456,0.17081754682405934
maximin_d2_dtw,457,0.16260443090231375
maximin_d2_dtw,458,0.13477611844252999
maximin_d2_dtw,459,0.12175847762222906
maximin_d2_dtw,460,0.16319358852656665
maximin_d2_dtw,461,0.1553928343583403
maximin_d2_dtw,462,0.11140211940586575
maximin_d2_dtw,463,0.15431349746363043
maximin_d2_dtw,464,0.15930903215522227
maximin_d2_dtw,465,0.11905087441226611
maximin_d2_dtw,466,0.15551938517553743
maximin_d2_dtw,467,0.15885252944050826
maximin_d2_dtw,468,0.15333952056594533
maximin_d2_dtw,469,0.11808520059018776
maximin_d2_dtw,470,0.16036113872338148
maximin_d2_dtw,471,0.15614976918157558
maximin_d2_dtw,472,0.12462351871512471
maximin_d2_dtw,473,0.1302872912574795
maximin_d2_dtw,474,0.1569307710478829
maximin_d2_dtw,475,0.11972383588530175
maximin_d2_dtw,476,0.1537916049833528
maximin_d2_dtw,477,0.16381915542877137
maximin_d2_dtw,478,0.1380059886688393
maximin_d2_dtw,479,0.1240482662438637
maximin_d2_dtw,480,0.16999772208194186
maximin_d2_dtw,481,0.15922655901605903
maximin_d2_dtw,482,0.12655416323719426
maximin_d2_dtw,483,0.11888712266875107
maximin_d2_dtw,484,0.160069845322774
maximin_d2_dtw,485,0.11920614312599488
maximin_d2_dtw,486,0.1553472698077159
maximin_d2_dtw,487,0.158108291226672
maximin_d2_dtw,488,0.14274156394177454
maximin_d2_dtw,489,0.11849554551603668
maximin_d2_dtw,490,0.15517759700871264
maximin_d2_dtw,491,0.15336065576697394
maximin_d2_dtw,492,0.11535017970685743
maximin_d2_dtw,493,0.13953352173255507
maximin_d2_dtw,494,0.15846708330925338
maximin_d2_dtw,495,0.11007789538530564
maximin_d2_dtw,496,0.14913239933424124
maximin_d2_dtw,497,0.15534059407456605
maximin_d2_dtw,498,0.13449174106512007
maximin_d2_dtw,499,0.11492745858441335
maximin_d2_dtw,500,0.1512552722574058
