design_size,conditional_variance
1,1.0001
2,0.949557921413093
3,0.9854865680351734
4,1.0000999579787804
5,0.6900393606433924
6,1.0000999370710815
7,1.0000950224164418
8,1.000099999944487
9,0.9738561623413727
10,1.0000975190478694
11,1.0000999999951603
12,0.9946482231585642
13,1.0000990279901687
14,1.0000999999976887
15,0.9812346149788889
16,1.0000994624331132
17,1.0001
18,1.0000999999012345
19,0.9997642334840979
20,1.0000999999999862
21,0.9747222814998815
22,0.9998988197170879
23,0.9995700178263829
24,0.9988313678468785
25,1.0000265587071295
26,0.8957011384527922
27,0.9951949215333719
28,0.9997673477024531
29,1.0000996155486503
30,1.0000926380873636
31,0.999889740352067
32,1.0000999999062572
33,0.9987949457588592
34,0.9936463246230899
35,1.0000959265249072
36,1.0000999618663509
37,1.0000999991579975
38,0.9979614325376477
39,0.9991733270989113
40,1.000097188682128
41,1.0000999992001067
42,0.45565214718615477
43,0.9986210484537072
44,1.0000999999999192
45,0.4701152337946141
46,0.8398084784083006
47,0.9960816378651639
48,0.9967158906675985
49,0.8613431062137051
50,0.8082325585847515
51,0.9058053582084535
52,0.9864144691174244
53,1.0000998246195831
54,0.9890361104799622
55,0.8525368428598357
56,0.9994275488773701
57,0.9854918081335694
58,0.9989533512533302
59,0.9348803746493887
60,1.0000923057130497
61,1.0000999939413246
62,0.8470286338382377
63,0.9353960547523963
64,1.0000610684837519
65,0.7896533547977692
66,1.0000989437665169
67,1.0000999999909057
68,0.9996690959757997
69,0.9274056410449792
70,0.8103092051382843
71,0.9815884128941409
72,1.0000507438905708
73,1.0000221819983286
74,0.7703945570974221
75,0.9995037423865838
76,0.8789366973363619
77,0.907208728147372
78,0.9994833429758618
79,0.9956962171721037
80,0.9870701704659263
81,0.9753637658237193
82,0.2679025433684212
83,0.9979389397119627
84,1.0000342242187956
85,0.3500454034358971
86,1.0000997598855563
87,0.9994868962039074
88,0.9887447687169697
89,0.8417080115211666
90,1.000058923142164
91,1.0000999943976927
92,0.8009620312140877
93,0.9929915704583288
94,0.7859065961809297
95,0.6295893731378002
96,0.9393097132798591
97,0.702320452756308
98,0.989769004820996
99,0.7412962477003769
100,0.83549075674224
101,0.864391796778369
102,0.7079935085251674
103,0.977633352647356
104,0.9730868246865377
105,0.49677281532583
106,0.9450357259177606
107,0.9991551239631142
108,0.9690045780724431
109,0.8571312343251227
110,0.9992313718729571
111,0.9962437378632495
112,0.9798976462689927
113,1.0000485055633634
114,0.9997331406235506
115,0.9474514153283745
116,1.0000999413108367
117,0.7410037303205211
118,0.9284355498058977
119,0.9592542920476561
120,0.7795850862375967
121,0.6174618567645488
122,0.1875309298558463
123,0.8610002146684538
124,0.7564128794695515
125,0.2544155630853489
126,0.8471423661921067
127,0.9685649932378236
128,0.9748834875714699
129,0.516587532236438
130,0.9319920728546394
131,0.9967015687185429
132,0.6249891436716133
133,0.9979850415779931
134,0.9906370870171282
135,0.6137805093404209
136,0.9943197795110174
137,0.9983281435864078
138,0.9969694620457622
139,0.6518186677448754
140,1.0000998708240185
141,0.6998908545050211
142,0.6861979389840657
143,0.9951619657815373
144,0.7595254358483702
145,0.39163665628767697
146,0.6048833343522761
147,0.7145821215001751
148,0.918451587235436
149,0.827659808578566
150,0.8164826522239084
151,0.9413507302280288
152,0.9668050395866528
153,0.9607195112681322
154,0.9221703754031586
155,0.772891163064148
156,0.9870350112800139
157,0.9833331399520557
158,0.9841843520769576
159,0.7580296671954025
160,0.9838908305147396
161,0.9951212913495049
162,0.12301234846802722
163,0.9307418272877209
164,1.0000982736697468
165,0.22777978583037728
166,0.5908538913809189
167,0.6827115714911011
168,0.9410211016665111
169,0.4283645573446692
170,0.5332184350398976
171,0.6873405481874456
172,0.577232379581705
173,0.9982544218267981
174,0.7920768595501609
175,0.5531150510225685
176,0.9316548449207764
177,0.9113445258420539
178,0.7052867547476283
179,0.5810200192625945
180,0.9778128771839996
181,0.9108102128308136
182,0.6447075676518224
183,0.7728140441064093
184,0.9800311308853019
185,0.3444742835760966
186,0.9945578789114714
187,1.0000934259954506
188,0.8276618171205113
189,0.7673071341300494
190,0.5666895360677527
191,0.5735331243971099
192,0.9421052326172475
193,0.9778283300442235
194,0.4883241447543244
195,0.7697390740823711
196,0.6578355601748578
197,0.7456256372347556
198,0.9950708159245384
199,0.7314636855934955
200,0.9109771657307967
201,0.8810657008037265
202,0.10304844701456181
203,0.9789466785364361
204,0.9543042346997417
205,0.13009494236916194
206,0.881725836887866
207,0.9735807193371603
208,0.8627253218129028
209,0.37796941690773556
210,0.9843724478514453
211,1.0000814104316555
212,0.49919433484624864
213,0.8340902609205922
214,0.5395708401173368
215,0.4854959624897871
216,0.5457066202881479
217,0.4241532224277407
218,0.892910687460648
219,0.4250260116269498
220,0.6352303693749852
221,0.7103875689125022
222,0.4736649573929201
223,0.8121133962150929
224,0.9077755620026398
225,0.3248944098633248
226,0.8398006736349559
227,0.9500499294442696
228,0.9208542500065285
229,0.7592834241322488
230,0.8191318490432086
231,0.9582373460318321
232,0.8889339739292432
233,0.9769034449247528
234,0.9814778110779782
235,0.7536716484462961
236,1.00002521744831
237,0.44371095739178873
238,0.6424432456490313
239,0.7050412990053487
240,0.4578310083962685
241,0.3874390517915723
242,0.09080223125002757
243,0.6926768442864473
244,0.6222603320209162
245,0.10390522225321361
246,0.6997647501334596
247,0.8457411192689929
248,0.779278078349864
249,0.28754045603120065
250,0.8145694281197999
251,0.8862967667472612
252,0.4695636300134213
253,0.9629692500806217
254,0.7634622817367683
255,0.36810014003529173
256,0.9510097231479026
257,0.9777303555243628
258,0.9788142016853859
259,0.2613900201500526
260,0.9995102643866703
261,0.412622302130923
262,0.44910646716199343
263,0.974382565975091
264,0.4449659644756304
265,0.29744592740805087
266,0.3427057309695189
267,0.5416513415354505
268,0.6886237085016467
269,0.753174683851938
270,0.6532837784962753
271,0.8054436462729557
272,0.8560897360564781
273,0.7978525284037916
274,0.7725611614273226
275,0.7046760906864458
276,0.8612423687165603
277,0.7190469454216153
278,0.8884964538925955
279,0.5778486875740789
280,0.9043677281273843
281,0.972664139785314
282,0.07774666263725426
283,0.7553173310983234
284,0.9991616955072338
285,0.09580327702248176
286,0.34000623227235127
287,0.4320166320214371
288,0.8635714364676492
289,0.2599529589817052
290,0.32672064280982055
291,0.5152400814554594
292,0.3809010006906466
293,0.88302918095965
294,0.6472051132049776
295,0.32626113532923756
296,0.7933682596531549
297,0.7577191966792615
298,0.5632037043633437
299,0.24811596959336113
300,0.736270999727608
301,0.6490415606058946
302,0.4354156220396016
303,0.539511523144777
304,0.8704753658580493
305,0.23455911953958228
306,0.8905311634455751
307,0.998700279995538
308,0.4642594088911611
309,0.6658277734700536
310,0.32521511156017285
311,0.4005626413956261
312,0.817791574667832
313,0.8437318068611027
314,0.31777132333189817
315,0.6862477897946352
316,0.49417046932706304
317,0.5930324643394902
318,0.9568526236861405
319,0.5324703037667898
320,0.7805896344463921
321,0.6265379810156726
322,0.06297670625601368
323,0.9252332705548278
324,0.631883068099294
325,0.08229779155870369
326,0.5777133530159275
327,0.8592825401746229
328,0.6591689222349069
329,0.18370564326476593
330,0.8622008865942762
331,0.9954058151166073
332,0.37314248088575946
333,0.7645253923410336
334,0.3190406001750031
335,0.29136513106339557
336,0.36365369960874366
337,0.2522768445796052
338,0.8829804836967607
339,0.21198226157091984
340,0.4625215282254473
341,0.522219427939449
342,0.35542461464478664
343,0.6610115915330221
344,0.7580330111311556
345,0.2168842961049758
346,0.5949895547333609
347,0.6105715597915071
348,0.8103064899204689
349,0.5910102958070362
350,0.531112961884318
351,0.690932271935584
352,0.6439192914121117
353,0.7352892704188976
354,0.7808818897618605
355,0.4387316678889449
356,0.9937639106723327
357,0.298274548888408
358,0.49734951284997614
359,0.49769740888288466
360,0.3049697177215623
361,0.21085034327753072
362,0.04493996413109063
363,0.4308843096146612
364,0.42861740015364735
365,0.07409119286381295
366,0.4975161914216499
367,0.6561312505110044
368,0.431876826736366
369,0.09956566093272351
370,0.4552855473433464
371,0.5178621564248999
372,0.32755896674536505
373,0.7244799860878589
374,0.5168762353908627
375,0.14348338252662296
376,0.6201962058784679
377,0.7665737984871716
378,0.9367791791871982
379,0.19218695288373905
380,0.9868126306728258
381,0.2866946692165412
382,0.2691595619415796
383,0.8321395987410894
384,0.2516319716667428
385,0.15341122356529446
386,0.20269890360309364
387,0.3581954735192553
388,0.58772890328957
389,0.49359970124711616
390,0.4775767614418769
391,0.6262755951229042
392,0.5707962209219714
393,0.733940351658233
394,0.3647991174751252
395,0.4092592037615902
396,0.48501325506068327
397,0.5055687180123609
398,0.7421625080811912
399,0.45575196918548344
400,0.5190550605006908
401,0.7102711364916721
402,0.03948413754308819
403,0.5580952168727211
404,0.9691189462680526
405,0.06921520015224199
406,0.27523437525520966
407,0.24092767867721962
408,0.7891841491990467
409,0.059446446563836214
410,0.19636655669222636
411,0.3238981713762134
412,0.2527593355822827
413,0.5339132211719763
414,0.4590309704502936
415,0.11879523943915915
416,0.6029013108116774
417,0.3417906518047727
418,0.4762723651357711
419,0.15131165187823478
420,0.46791479654891865
421,0.468023723029066
422,0.24874730455054148
423,0.3444915541487598
424,0.49871849069857216
425,0.13109203480443982
426,0.5956445302422677
427,0.91814012845398
428,0.3533303390708771
429,0.42797068964126644
430,0.2377631960194698
431,0.22651528615045993
432,0.4196153795618214
433,0.6164170799168286
434,0.18452369726002046
435,0.3918901310975281
436,0.2610486126139284
437,0.42899405857822254
438,0.9122971214455965
439,0.36445499920089774
440,0.5083145840237032
441,0.3171797365160058
442,0.03341368955678409
443,0.7865330464889504
444,0.46190193210080704
445,0.058335958860653535
446,0.43141588420255444
447,0.4899653241164373
448,0.5284519765626603
449,0.05405728274062644
450,0.5501171890031444
451,0.8777553364852932
452,0.19518078359056076
453,0.7193726777034164
454,0.2142942205081938
455,0.09532483573004735
456,0.15024600325944543
457,0.1724322120174638
458,0.7118273999930725
459,0.13982261826513723
460,0.2041427672017096
461,0.4061736341945359
462,0.20130556385989945
463,0.5153794137711482
464,0.49316593912513673
465,0.12148909554475275
466,0.2850764893368627
467,0.4057343667213156
468,0.7449691965969498
469,0.29076789705232725
470,0.39382303942965213
471,0.41953510121710763
472,0.3833814594545586
473,0.3661594579323297
474,0.48125118441764714
475,0.2528220666376274
476,0.8664011035637155
477,0.19101284356715262
478,0.3985755225361998
479,0.3234813693350828
480,0.14129817130631087
481,0.1528252992459848
482,0.026886862714596872
483,0.28651603722876895
484,0.19978420434784913
485,0.043725596956315206
486,0.35602164620378746
487,0.48335568010227803
488,0.2980922425755016
489,0.045350831672497406
490,0.23374157189086936
491,0.3681121145837517
492,0.16029324836356917
493,0.5972453077439025
494,0.3750310655999267
495,0.07137172251807047
496,0.39598370247128556
497,0.45219786630604675
498,0.8824781459893536
499,0.12197538783400814
500,0.8290481250723126
