strategy,candidate_universe,design_size,spatial_information_gain_nats
lhs,independent_lhs_pool_not_directly_comparable,25,91.6979567437085
lhs,independent_lhs_pool_not_directly_comparable,50,179.49217805822087
lhs,independent_lhs_pool_not_directly_comparable,100,355.6039901359795
lhs,independent_lhs_pool_not_directly_comparable,200,697.9630190349025
lhs,independent_lhs_pool_not_directly_comparable,500,1714.733603867957
random,shared_reference_pool,25,91.99565194008724
random,shared_reference_pool,50,182.22764100523187
random,shared_reference_pool,100,357.416865590546
random,shared_reference_pool,200,700.3452023580896
random,shared_reference_pool,500,1682.7607282821264
spatial_information,shared_reference_pool,25,114.87205049590452
spatial_information,shared_reference_pool,50,228.8957961940381
spatial_information,shared_reference_pool,100,456.1238328075533
spatial_information,shared_reference_pool,200,903.0438988514298
spatial_information,shared_reference_pool,500,2156.203639429552
maximin_action_euclidean,shared_reference_pool,25,94.65125068662826
maximin_action_euclidean,shared_reference_pool,50,190.27863601757755
maximin_action_euclidean,shared_reference_pool,100,370.68846443852885
maximin_action_euclidean,shared_reference_pool,200,723.7918516041092
maximin_action_euclidean,shared_reference_pool,500,1756.7409826220717
maximin_d2_ordered_l2,shared_reference_pool,25,96.6013798029882
maximin_d2_ordered_l2,shared_reference_pool,50,192.45452109318822
maximin_d2_ordered_l2,shared_reference_pool,100,379.1424514444829
maximin_d2_ordered_l2,shared_reference_pool,200,740.4387593575857
maximin_d2_ordered_l2,shared_reference_pool,500,1779.6307929876716
maximin_d2_frechet,shared_reference_pool,25,93.27498109567017
maximin_d2_frechet,shared_reference_pool,50,187.08467106867337
maximin_d2_frechet,shared_reference_pool,100,371.6554990166039
maximin_d2_frechet,shared_reference_pool,200,730.0088569096174
maximin_d2_frechet,shared_reference_pool,500,1771.831077786628
maximin_d2_dtw,shared_reference_pool,25,92.42916923993566
maximin_d2_dtw,shared_reference_pool,50,189.87512111880255
maximin_d2_dtw,shared_reference_pool,100,376.5464223439028
maximin_d2_dtw,shared_reference_pool,200,735.981559600563
maximin_d2_dtw,shared_reference_pool,500,1788.3954178049357
