category	year	authors	title	file	source_url	core
pilot_design	2009	Qian; Ai; Wu	Construction of nested space-filling designs	01_pilot_design/qian-2009-nested-space-filling-designs.pdf	https://arxiv.org/pdf/0909.0598.pdf	yes
pilot_design	2010	Lin; Bingham; Sitter; Tang	A new and flexible method for constructing designs for computer experiments	01_pilot_design/lin-2010-flexible-computer-experiment-designs.pdf	https://arxiv.org/pdf/1010.0328.pdf	no
pilot_design	2018	Mak; Joseph	Support points	01_pilot_design/mak-joseph-2018-support-points.pdf	https://arxiv.org/pdf/1609.01811	yes
gp_information	2023	Jakkala; Akella	Efficient sensor placement from regression with sparse Gaussian processes	02_gp_information/jakkala-2023-sparse-gp-sensor-placement.pdf	https://arxiv.org/pdf/2303.00028.pdf	no
gp_information	2020	Kleinegesse; Gutmann	Bayesian experimental design for implicit models by mutual information neural estimation	02_gp_information/kleinegesse-2020-mi-neural-estimation-design.pdf	https://proceedings.mlr.press/v119/kleinegesse20a/kleinegesse20a.pdf	yes
gp_information	2008	Krause; Singh; Guestrin	Near-optimal sensor placements in Gaussian processes	02_gp_information/krause-2008-near-optimal-sensor-placement.pdf	https://jmlr.org/papers/volume9/krause08a/krause08a.pdf	yes
gp_information	2008	Krause; McMahan; Guestrin; Gupta	Robust submodular observation selection	02_gp_information/krause-2008-robust-submodular-observation-selection.pdf	https://jmlr.org/papers/volume9/krause08b/krause08b.pdf	no
gp_information	2017	Sourati; Akcakaya; Leen; Erdogmus; Dy	Asymptotic analysis of objectives based on Fisher information in active learning	02_gp_information/sourati-2017-fisher-information-active-learning.pdf	https://jmlr.org/papers/volume18/15-104/15-104.pdf	no
gp_information	2019	Tremblay; Barthelmé; Amblard	Determinantal point processes for coresets	02_gp_information/tremblay-2019-dpp-coresets.pdf	https://www.jmlr.org/papers/v20/18-167.html	no
gp_information	2015	Wei; Iyer; Bilmes	Submodularity in data subset selection and active learning	02_gp_information/wei-2015-submodular-data-selection-active-learning.pdf	https://proceedings.mlr.press/v37/wei15.pdf	yes
functional_kernels	2023	Achituve et al.	Guided deep kernel learning	03_functional_kernels/achituve-2023-guided-deep-kernel-learning.pdf	https://proceedings.mlr.press/v216/achituve23a/achituve23a.pdf	no
functional_kernels	2017	Bachoc et al.	A Gaussian process regression model for distribution inputs	03_functional_kernels/bachoc-2017-gp-distribution-inputs.pdf	https://arxiv.org/pdf/1701.09055.pdf	no
functional_kernels	2022	Bao et al.	An operator learning approach via function-valued RKHS for differential equations	03_functional_kernels/bao-2022-function-valued-rkhs-operator-learning.pdf	https://arxiv.org/pdf/2202.09488.pdf	no
functional_kernels	2019	Benton et al.	Function-space distributions over kernels	03_functional_kernels/benton-2019-function-space-kernel-distributions.pdf	https://papers.neurips.cc/paper_files/paper/2019/file/7012ef0335aa2adbab58bd6d0702ba41-Paper.pdf	no
functional_kernels	2022	Damiano et al.	Automatic dynamic relevance determination for GP regression with high-dimensional functional inputs	03_functional_kernels/damiano-2022-functional-input-relevance.pdf	https://arxiv.org/pdf/2209.00044.pdf	yes
functional_kernels	2012	Dinuzzo et al.	Multiple operator-valued kernel learning	03_functional_kernels/dinuzzo-2012-multiple-operator-valued-kernel-learning.pdf	https://arxiv.org/pdf/1203.1596.pdf	no
functional_kernels	2013	Kadri et al.	Functional regularized least squares with operator-valued kernels	03_functional_kernels/kadri-2013-functional-operator-valued-kernels.pdf	https://arxiv.org/pdf/1301.2655.pdf	no
functional_kernels	2016	Kadri et al.	Operator-valued kernels for learning from functional response data	03_functional_kernels/kadri-2016-operator-valued-kernels-functional-response.pdf	https://jmlr.org/papers/volume17/11-315/11-315.pdf	yes
functional_kernels	2020	Kohl et al.	Learning similarity metrics for numerical simulations	03_functional_kernels/kohl-2020-learned-similarity-numerical-simulations.pdf	https://proceedings.mlr.press/v119/kohl20a/kohl20a.pdf	yes
functional_kernels	2014	Muehlenstaedt et al.	Computer experiments with functional inputs and scalar outputs by a norm-based approach	03_functional_kernels/muehlenstaedt-2014-functional-input-gp.pdf	https://arxiv.org/pdf/1410.0403.pdf	yes
functional_kernels	2024	Nelsen; Stuart	Operator learning using random features	03_functional_kernels/nelsen-stuart-2024-operator-learning-random-features.pdf	https://arxiv.org/pdf/2408.06526.pdf	no
functional_kernels	2021	Ober; Rasmussen; van der Wilk	The promises and pitfalls of deep kernel learning	03_functional_kernels/ober-2021-promises-pitfalls-deep-kernel-learning.pdf	https://proceedings.mlr.press/v161/ober21a/ober21a.pdf	yes
functional_kernels	2022	Sung; Wang; Cakoni; Harris; Hung	Functional-input Gaussian processes with applications to inverse scattering	03_functional_kernels/sung-2022-functional-input-gp.pdf	https://arxiv.org/pdf/2201.01682.pdf	yes
functional_kernels	2016	Wilson; Hu; Salakhutdinov; Xing	Deep kernel learning	03_functional_kernels/wilson-2016-deep-kernel-learning.pdf	https://proceedings.mlr.press/v51/wilson16.pdf	yes
operator_active_learning	2023	Kovachki et al.	Neural operator: learning maps between function spaces	04_operator_active_learning/kovachki-2023-neural-operator.pdf	https://www.jmlr.org/papers/volume24/21-1524/21-1524.pdf	yes
operator_active_learning	2020	Li et al.	Fourier neural operator for parametric partial differential equations	04_operator_active_learning/li-2020-fourier-neural-operator.pdf	https://arxiv.org/pdf/2010.08895.pdf	no
operator_active_learning	2024	Li; Yu; Xing; Kirby; Narayan; Zhe	Multi-resolution active learning of Fourier neural operators	04_operator_active_learning/li-2024-multiresolution-active-fno.pdf	https://proceedings.mlr.press/v238/li24k/li24k.pdf	yes
operator_active_learning	2019	Lu et al.	Learning nonlinear operators via DeepONet	04_operator_active_learning/lu-2019-deeponet.pdf	https://arxiv.org/pdf/1910.03193.pdf	no
operator_active_learning	2024	Musekamp et al.	Active learning for neural PDE solvers	04_operator_active_learning/musekamp-2024-active-learning-neural-pde-solvers.pdf	https://arxiv.org/pdf/2408.01536.pdf	yes
operator_active_learning	2022	Pickering et al.	Discovering and forecasting extreme events via active learning in neural operators	04_operator_active_learning/pickering-2022-active-learning-neural-operators-extremes.pdf	https://ethan-pickering.github.io/papers/pickering2022discovery.pdf	yes
operator_active_learning	2026	Polanska et al.	Data-efficient neural operator training via physics-based active learning	04_operator_active_learning/polanska-2026-physics-active-neural-operator.pdf	https://arxiv.org/pdf/2605.21348	yes
operator_active_learning	2025	Satheesh et al.	PICore: physics-informed unsupervised coreset selection for data-efficient neural operator training	04_operator_active_learning/satheesh-2025-picore.pdf	https://arxiv.org/pdf/2507.17151	yes
operator_active_learning	2024	Subedi; Tewari	On the benefits of active data collection in operator learning	04_operator_active_learning/subedi-2024-active-data-collection-operator-learning.pdf	https://arxiv.org/pdf/2410.19725	yes
operator_active_learning	2025	Winovich et al.	Active operator learning with predictive uncertainty quantification for PDEs	04_operator_active_learning/winovich-2025-active-operator-uncertainty.pdf	https://arxiv.org/pdf/2503.03178	yes
temporal_contingency	2004	Cortes; Haffner; Mohri	Rational kernels	05_temporal_contingency/cortes-2004-rational-kernels.pdf	https://www.jmlr.org/papers/volume5/cortes04a/cortes04a.pdf	no
temporal_contingency	2011	Cuturi	Fast global alignment kernels	05_temporal_contingency/cuturi-2011-fast-global-alignment-kernels.pdf	https://icml.cc/2011/papers/489_icmlpaper.pdf	no
temporal_contingency	2019	Király; Oberhauser	Kernels for sequentially ordered data	05_temporal_contingency/kiraly-2019-sequential-kernels.pdf	https://jmlr.org/papers/volume20/16-314/16-314.pdf	yes
temporal_contingency	2021	Lemercier et al.	SigGPDE: scaling sparse Gaussian processes on sequential data	05_temporal_contingency/lemercier-2021-siggpde.pdf	https://proceedings.mlr.press/v139/lemercier21a/lemercier21a.pdf	no
temporal_contingency	2023	Muca Cirone et al.	Neural signature kernels	05_temporal_contingency/muca-cirone-2023-neural-signature-kernels.pdf	https://proceedings.mlr.press/v202/muca-cirone23a/muca-cirone23a.pdf	yes
temporal_contingency	2023	Salvi et al.	The signature kernel	05_temporal_contingency/salvi-2023-signature-kernel.pdf	https://arxiv.org/pdf/2305.04625	no
temporal_contingency	2020	Toth; Oberhauser	Bayesian learning from sequential data using Gaussian processes with signature covariances	05_temporal_contingency/toth-2020-signature-gp.pdf	https://proceedings.mlr.press/v119/toth20a/toth20a.pdf	yes
